Build and Security Scan	Set up job	﻿2026-08-18T14:50:08.8469110Z Current runner version: '2.336.0'
Build and Security Scan	Set up job	2026-08-18T14:50:08.8493584Z ##[group]Runner Image Provisioner
Build and Security Scan	Set up job	2026-08-18T14:50:08.8494468Z Hosted Compute Agent
Build and Security Scan	Set up job	2026-08-18T14:50:08.8495043Z Version: 20260729.566
Build and Security Scan	Set up job	2026-08-18T14:50:08.8495772Z Commit: cf7153fe6e25b664e8693c24944bf2b00355d109
Build and Security Scan	Set up job	2026-08-18T14:50:08.8496501Z Build Date: 2026-07-29T19:17:02Z
Build and Security Scan	Set up job	2026-08-18T14:50:08.8497211Z Worker ID: {666ffa33-82ab-4c1a-8735-ec64d808def4}
Build and Security Scan	Set up job	2026-08-18T14:50:08.8498029Z Azure Region: westus
Build and Security Scan	Set up job	2026-08-18T14:50:08.8498594Z ##[endgroup]
Build and Security Scan	Set up job	2026-08-18T14:50:08.8500076Z ##[group]Operating System
Build and Security Scan	Set up job	2026-08-18T14:50:08.8500723Z Ubuntu
Build and Security Scan	Set up job	2026-08-18T14:50:08.8501269Z 24.04.4
Build and Security Scan	Set up job	2026-08-18T14:50:08.8501899Z LTS
Build and Security Scan	Set up job	2026-08-18T14:50:08.8502660Z ##[endgroup]
Build and Security Scan	Set up job	2026-08-18T14:50:08.8503285Z ##[group]Runner Image
Build and Security Scan	Set up job	2026-08-18T14:50:08.8503903Z Image: ubuntu-24.04
Build and Security Scan	Set up job	2026-08-18T14:50:08.8504460Z Version: 20260810.271.1
Build and Security Scan	Set up job	2026-08-18T14:50:08.8505595Z Included Software: https://github.com/actions/runner-images/blob/ubuntu24/20260810.271/images/ubuntu/Ubuntu2404-Readme.md
Build and Security Scan	Set up job	2026-08-18T14:50:08.8507297Z Image Release: https://github.com/actions/runner-images/releases/tag/ubuntu24%2F20260810.271
Build and Security Scan	Set up job	2026-08-18T14:50:08.8508260Z ##[endgroup]
Build and Security Scan	Set up job	2026-08-18T14:50:08.8509836Z ##[group]GITHUB_TOKEN Permissions
Build and Security Scan	Set up job	2026-08-18T14:50:08.8512013Z Contents: read
Build and Security Scan	Set up job	2026-08-18T14:50:08.8512999Z Metadata: read
Build and Security Scan	Set up job	2026-08-18T14:50:08.8513656Z Packages: read
Build and Security Scan	Set up job	2026-08-18T14:50:08.8514221Z ##[endgroup]
Build and Security Scan	Set up job	2026-08-18T14:50:08.8516311Z Secret source: Actions
Build and Security Scan	Set up job	2026-08-18T14:50:08.8517543Z Prepare workflow directory
Build and Security Scan	Set up job	2026-08-18T14:50:08.8921918Z Prepare all required actions
Build and Security Scan	Set up job	2026-08-18T14:50:08.8973789Z Getting action download info
Build and Security Scan	Set up job	2026-08-18T14:50:09.2870431Z Download action repository 'actions/checkout@v4' (SHA:11d5960a326750d5838078e36cf38b85af677262)
Build and Security Scan	Set up job	2026-08-18T14:50:09.4081377Z Download action repository 'docker/setup-buildx-action@v4' (SHA:bb05f3f5519dd87d3ba754cc423b652a5edd6d2c)
Build and Security Scan	Set up job	2026-08-18T14:50:09.8560231Z Download action repository 'docker/build-push-action@v6' (SHA:10e90e3645eae34f1e60eeb005ba3a3d33f178e8)
Build and Security Scan	Set up job	2026-08-18T14:50:10.3751218Z Download action repository 'aquasecurity/trivy-action@v0.36.0' (SHA:ed142fd0673e97e23eac54620cfb913e5ce36c25)
Build and Security Scan	Set up job	2026-08-18T14:50:10.9127277Z Getting action download info
Build and Security Scan	Set up job	2026-08-18T14:50:11.0513149Z Download action repository 'aquasecurity/setup-trivy@3fb12ec12f41e471780db15c232d5dd185dcb514' (SHA:3fb12ec12f41e471780db15c232d5dd185dcb514)
Build and Security Scan	Set up job	2026-08-18T14:50:11.2733069Z Download action repository 'actions/cache@27d5ce7f107fe9357f9df03efb73ab90386fccae' (SHA:27d5ce7f107fe9357f9df03efb73ab90386fccae)
Build and Security Scan	Set up job	2026-08-18T14:50:11.4437782Z Getting action download info
Build and Security Scan	Set up job	2026-08-18T14:50:11.5777125Z Download action repository 'actions/cache@9255dc7a253b0ccc959486e2bca901246202afeb' (SHA:9255dc7a253b0ccc959486e2bca901246202afeb)
Build and Security Scan	Set up job	2026-08-18T14:50:11.6925352Z Download action repository 'actions/checkout@8e8c483db84b4bee98b60c0593521ed34d9990e8' (SHA:8e8c483db84b4bee98b60c0593521ed34d9990e8)
Build and Security Scan	Set up job	2026-08-18T14:50:11.7955463Z Complete job name: Build and Security Scan
Build and Security Scan	Checkout Repository	﻿2026-08-18T14:50:11.8710463Z Node 20 is being deprecated. This workflow is running with Node 24 by default. If you need to temporarily use Node 20, you can set the ACTIONS_ALLOW_USE_UNSECURE_NODE_VERSION=true environment variable. For more information see: https://github.blog/changelog/2025-09-19-deprecation-of-node-20-on-github-actions-runners/
Build and Security Scan	Checkout Repository	2026-08-18T14:50:11.8719203Z ##[group]Run actions/checkout@v4
Build and Security Scan	Checkout Repository	2026-08-18T14:50:11.8719681Z with:
Build and Security Scan	Checkout Repository	2026-08-18T14:50:11.8719966Z   repository: RanjitGaingade/assal-kolhapuri-dryfruits
Build and Security Scan	Checkout Repository	2026-08-18T14:50:11.8722726Z   token: ***
Build and Security Scan	Checkout Repository	2026-08-18T14:50:11.8722962Z   ssh-strict: true
Build and Security Scan	Checkout Repository	2026-08-18T14:50:11.8723171Z   ssh-user: git
Build and Security Scan	Checkout Repository	2026-08-18T14:50:11.8723404Z   persist-credentials: true
Build and Security Scan	Checkout Repository	2026-08-18T14:50:11.8723644Z   clean: true
Build and Security Scan	Checkout Repository	2026-08-18T14:50:11.8723857Z   sparse-checkout-cone-mode: true
Build and Security Scan	Checkout Repository	2026-08-18T14:50:11.8724141Z   fetch-depth: 1
Build and Security Scan	Checkout Repository	2026-08-18T14:50:11.8724350Z   fetch-tags: false
Build and Security Scan	Checkout Repository	2026-08-18T14:50:11.8724563Z   show-progress: true
Build and Security Scan	Checkout Repository	2026-08-18T14:50:11.8724775Z   lfs: false
Build and Security Scan	Checkout Repository	2026-08-18T14:50:11.8724961Z   submodules: false
Build and Security Scan	Checkout Repository	2026-08-18T14:50:11.8725564Z   set-safe-directory: true
Build and Security Scan	Checkout Repository	2026-08-18T14:50:11.8725827Z   allow-unsafe-pr-checkout: false
Build and Security Scan	Checkout Repository	2026-08-18T14:50:11.8726392Z env:
Build and Security Scan	Checkout Repository	2026-08-18T14:50:11.8726660Z   IMAGE_NAME: ranjit1984/assal-kolhapuri-dryfruits-api
Build and Security Scan	Checkout Repository	2026-08-18T14:50:11.8726980Z ##[endgroup]
Build and Security Scan	Checkout Repository	2026-08-18T14:50:11.9763780Z Syncing repository: RanjitGaingade/assal-kolhapuri-dryfruits
Build and Security Scan	Checkout Repository	2026-08-18T14:50:11.9765725Z ##[group]Getting Git version info
Build and Security Scan	Checkout Repository	2026-08-18T14:50:11.9766640Z Working directory is '/home/runner/work/assal-kolhapuri-dryfruits/assal-kolhapuri-dryfruits'
Build and Security Scan	Checkout Repository	2026-08-18T14:50:11.9767822Z [command]/usr/bin/git version
Build and Security Scan	Checkout Repository	2026-08-18T14:50:11.9852436Z git version 2.54.0
Build and Security Scan	Checkout Repository	2026-08-18T14:50:11.9906472Z ##[endgroup]
Build and Security Scan	Checkout Repository	2026-08-18T14:50:11.9921102Z Temporarily overriding HOME='/home/runner/work/_temp/6cb56904-3015-4bbd-933d-15bcbbd17e39' before making global git config changes
Build and Security Scan	Checkout Repository	2026-08-18T14:50:11.9922814Z Adding repository directory to the temporary git global config as a safe directory
Build and Security Scan	Checkout Repository	2026-08-18T14:50:11.9926841Z [command]/usr/bin/git config --global --add safe.directory /home/runner/work/assal-kolhapuri-dryfruits/assal-kolhapuri-dryfruits
Build and Security Scan	Checkout Repository	2026-08-18T14:50:11.9980849Z Deleting the contents of '/home/runner/work/assal-kolhapuri-dryfruits/assal-kolhapuri-dryfruits'
Build and Security Scan	Checkout Repository	2026-08-18T14:50:11.9985330Z ##[group]Initializing the repository
Build and Security Scan	Checkout Repository	2026-08-18T14:50:11.9990287Z [command]/usr/bin/git init /home/runner/work/assal-kolhapuri-dryfruits/assal-kolhapuri-dryfruits
Build and Security Scan	Checkout Repository	2026-08-18T14:50:12.0118186Z hint: Using 'master' as the name for the initial branch. This default branch name
Build and Security Scan	Checkout Repository	2026-08-18T14:50:12.0119427Z hint: will change to "main" in Git 3.0. To configure the initial branch name
Build and Security Scan	Checkout Repository	2026-08-18T14:50:12.0120676Z hint: to use in all of your new repositories, which will suppress this warning,
Build and Security Scan	Checkout Repository	2026-08-18T14:50:12.0121627Z hint: call:
Build and Security Scan	Checkout Repository	2026-08-18T14:50:12.0122714Z hint:
Build and Security Scan	Checkout Repository	2026-08-18T14:50:12.0123494Z hint: 	git config --global init.defaultBranch <name>
Build and Security Scan	Checkout Repository	2026-08-18T14:50:12.0124261Z hint:
Build and Security Scan	Checkout Repository	2026-08-18T14:50:12.0124999Z hint: Names commonly chosen instead of 'master' are 'main', 'trunk' and
Build and Security Scan	Checkout Repository	2026-08-18T14:50:12.0126190Z hint: 'development'. The just-created branch can be renamed via this command:
Build and Security Scan	Checkout Repository	2026-08-18T14:50:12.0127092Z hint:
Build and Security Scan	Checkout Repository	2026-08-18T14:50:12.0127698Z hint: 	git branch -m <name>
Build and Security Scan	Checkout Repository	2026-08-18T14:50:12.0128333Z hint:
Build and Security Scan	Checkout Repository	2026-08-18T14:50:12.0129273Z hint: Disable this message with "git config set advice.defaultBranchName false"
Build and Security Scan	Checkout Repository	2026-08-18T14:50:12.0130748Z Initialized empty Git repository in /home/runner/work/assal-kolhapuri-dryfruits/assal-kolhapuri-dryfruits/.git/
Build and Security Scan	Checkout Repository	2026-08-18T14:50:12.0137409Z [command]/usr/bin/git remote add origin https://github.com/RanjitGaingade/assal-kolhapuri-dryfruits
Build and Security Scan	Checkout Repository	2026-08-18T14:50:12.0187096Z ##[endgroup]
Build and Security Scan	Checkout Repository	2026-08-18T14:50:12.0188315Z ##[group]Disabling automatic garbage collection
Build and Security Scan	Checkout Repository	2026-08-18T14:50:12.0190066Z [command]/usr/bin/git config --local gc.auto 0
Build and Security Scan	Checkout Repository	2026-08-18T14:50:12.0222618Z ##[endgroup]
Build and Security Scan	Checkout Repository	2026-08-18T14:50:12.0223265Z ##[group]Setting up auth
Build and Security Scan	Checkout Repository	2026-08-18T14:50:12.0230161Z [command]/usr/bin/git config --local --name-only --get-regexp core\.sshCommand
Build and Security Scan	Checkout Repository	2026-08-18T14:50:12.0293772Z [command]/usr/bin/git submodule foreach --recursive sh -c "git config --local --name-only --get-regexp 'core\.sshCommand' && git config --local --unset-all 'core.sshCommand' || :"
Build and Security Scan	Checkout Repository	2026-08-18T14:50:12.0686802Z [command]/usr/bin/git config --local --name-only --get-regexp http\.https\:\/\/github\.com\/\.extraheader
Build and Security Scan	Checkout Repository	2026-08-18T14:50:12.0727664Z [command]/usr/bin/git submodule foreach --recursive sh -c "git config --local --name-only --get-regexp 'http\.https\:\/\/github\.com\/\.extraheader' && git config --local --unset-all 'http.https://github.com/.extraheader' || :"
Build and Security Scan	Checkout Repository	2026-08-18T14:50:12.0958925Z [command]/usr/bin/git config --local --name-only --get-regexp ^includeIf\.gitdir:
Build and Security Scan	Checkout Repository	2026-08-18T14:50:12.0995558Z [command]/usr/bin/git submodule foreach --recursive git config --local --show-origin --name-only --get-regexp remote.origin.url
Build and Security Scan	Checkout Repository	2026-08-18T14:50:12.1220601Z [command]/usr/bin/git config --local http.https://github.com/.extraheader AUTHORIZATION: basic ***
Build and Security Scan	Checkout Repository	2026-08-18T14:50:12.1262996Z ##[endgroup]
Build and Security Scan	Checkout Repository	2026-08-18T14:50:12.1264154Z ##[group]Fetching the repository
Build and Security Scan	Checkout Repository	2026-08-18T14:50:12.1273706Z [command]/usr/bin/git -c protocol.version=2 fetch --no-tags --prune --no-recurse-submodules --depth=1 origin +12456ecdaea099b2c82fc27ba9224ccd4a8de418:refs/remotes/origin/main
Build and Security Scan	Checkout Repository	2026-08-18T14:50:12.7820145Z From https://github.com/RanjitGaingade/assal-kolhapuri-dryfruits
Build and Security Scan	Checkout Repository	2026-08-18T14:50:12.7821217Z  * [new ref]         12456ecdaea099b2c82fc27ba9224ccd4a8de418 -> origin/main
Build and Security Scan	Checkout Repository	2026-08-18T14:50:12.7859638Z ##[endgroup]
Build and Security Scan	Checkout Repository	2026-08-18T14:50:12.7860743Z ##[group]Determining the checkout info
Build and Security Scan	Checkout Repository	2026-08-18T14:50:12.7862001Z ##[endgroup]
Build and Security Scan	Checkout Repository	2026-08-18T14:50:12.7867415Z [command]/usr/bin/git sparse-checkout disable
Build and Security Scan	Checkout Repository	2026-08-18T14:50:12.7917911Z [command]/usr/bin/git config --local --unset-all extensions.worktreeConfig
Build and Security Scan	Checkout Repository	2026-08-18T14:50:12.7952814Z ##[group]Checking out the ref
Build and Security Scan	Checkout Repository	2026-08-18T14:50:12.7957217Z [command]/usr/bin/git checkout --progress --force -B main refs/remotes/origin/main
Build and Security Scan	Checkout Repository	2026-08-18T14:50:12.8183012Z Switched to a new branch 'main'
Build and Security Scan	Checkout Repository	2026-08-18T14:50:12.8188101Z branch 'main' set up to track 'origin/main'.
Build and Security Scan	Checkout Repository	2026-08-18T14:50:12.8195306Z ##[endgroup]
Build and Security Scan	Checkout Repository	2026-08-18T14:50:12.8244055Z [command]/usr/bin/git log -1 --format=%H
Build and Security Scan	Checkout Repository	2026-08-18T14:50:12.8272195Z 12456ecdaea099b2c82fc27ba9224ccd4a8de418
Build and Security Scan	Set up Docker Buildx	﻿2026-08-18T14:50:12.8501903Z ##[group]Run docker/setup-buildx-action@v4
Build and Security Scan	Set up Docker Buildx	2026-08-18T14:50:12.8502235Z with:
Build and Security Scan	Set up Docker Buildx	2026-08-18T14:50:12.8502925Z   driver: docker-container
Build and Security Scan	Set up Docker Buildx	2026-08-18T14:50:12.8503177Z   use: true
Build and Security Scan	Set up Docker Buildx	2026-08-18T14:50:12.8503371Z   keep-state: false
Build and Security Scan	Set up Docker Buildx	2026-08-18T14:50:12.8503600Z   cache-binary: true
Build and Security Scan	Set up Docker Buildx	2026-08-18T14:50:12.8503804Z   cleanup: true
Build and Security Scan	Set up Docker Buildx	2026-08-18T14:50:12.8503997Z env:
Build and Security Scan	Set up Docker Buildx	2026-08-18T14:50:12.8504240Z   IMAGE_NAME: ranjit1984/assal-kolhapuri-dryfruits-api
Build and Security Scan	Set up Docker Buildx	2026-08-18T14:50:12.8504546Z ##[endgroup]
Build and Security Scan	Set up Docker Buildx	2026-08-18T14:50:13.0453710Z ##[group]Docker info
Build and Security Scan	Set up Docker Buildx	2026-08-18T14:50:13.0483890Z [command]/usr/bin/docker version
Build and Security Scan	Set up Docker Buildx	2026-08-18T14:50:13.1706642Z Client: Docker Engine - Community
Build and Security Scan	Set up Docker Buildx	2026-08-18T14:50:13.1707286Z  Version:           28.0.4
Build and Security Scan	Set up Docker Buildx	2026-08-18T14:50:13.1707743Z  API version:       1.48
Build and Security Scan	Set up Docker Buildx	2026-08-18T14:50:13.1708153Z  Go version:        go1.23.7
Build and Security Scan	Set up Docker Buildx	2026-08-18T14:50:13.1708590Z  Git commit:        b8034c0
Build and Security Scan	Set up Docker Buildx	2026-08-18T14:50:13.1709036Z  Built:             Tue Mar 25 15:07:16 2025
Build and Security Scan	Set up Docker Buildx	2026-08-18T14:50:13.1709903Z  OS/Arch:           linux/amd64
Build and Security Scan	Set up Docker Buildx	2026-08-18T14:50:13.1710507Z  Context:           default
Build and Security Scan	Set up Docker Buildx	2026-08-18T14:50:13.1710775Z 
Build and Security Scan	Set up Docker Buildx	2026-08-18T14:50:13.1710964Z Server: Docker Engine - Community
Build and Security Scan	Set up Docker Buildx	2026-08-18T14:50:13.1711261Z  Engine:
Build and Security Scan	Set up Docker Buildx	2026-08-18T14:50:13.1711465Z   Version:          28.0.4
Build and Security Scan	Set up Docker Buildx	2026-08-18T14:50:13.1711745Z   API version:      1.48 (minimum version 1.24)
Build and Security Scan	Set up Docker Buildx	2026-08-18T14:50:13.1712053Z   Go version:       go1.23.7
Build and Security Scan	Set up Docker Buildx	2026-08-18T14:50:13.1712613Z   Git commit:       6430e49
Build and Security Scan	Set up Docker Buildx	2026-08-18T14:50:13.1713078Z   Built:            Tue Mar 25 15:07:16 2025
Build and Security Scan	Set up Docker Buildx	2026-08-18T14:50:13.1713576Z   OS/Arch:          linux/amd64
Build and Security Scan	Set up Docker Buildx	2026-08-18T14:50:13.1714031Z   Experimental:     false
Build and Security Scan	Set up Docker Buildx	2026-08-18T14:50:13.1714448Z  containerd:
Build and Security Scan	Set up Docker Buildx	2026-08-18T14:50:13.1714821Z   Version:          v2.3.3
Build and Security Scan	Set up Docker Buildx	2026-08-18T14:50:13.1715349Z   GitCommit:        aad11006b869517fcd3009450b6f82da282e1a9b
Build and Security Scan	Set up Docker Buildx	2026-08-18T14:50:13.1715939Z  runc:
Build and Security Scan	Set up Docker Buildx	2026-08-18T14:50:13.1716291Z   Version:          1.4.3
Build and Security Scan	Set up Docker Buildx	2026-08-18T14:50:13.1716757Z   GitCommit:        v1.4.3-0-gbb14dab
Build and Security Scan	Set up Docker Buildx	2026-08-18T14:50:13.1717227Z  docker-init:
Build and Security Scan	Set up Docker Buildx	2026-08-18T14:50:13.1717620Z   Version:          0.19.0
Build and Security Scan	Set up Docker Buildx	2026-08-18T14:50:13.1718046Z   GitCommit:        de40ad0
Build and Security Scan	Set up Docker Buildx	2026-08-18T14:50:13.1750749Z [command]/usr/bin/docker info
Build and Security Scan	Set up Docker Buildx	2026-08-18T14:50:13.4449880Z Client: Docker Engine - Community
Build and Security Scan	Set up Docker Buildx	2026-08-18T14:50:13.4450717Z  Version:    28.0.4
Build and Security Scan	Set up Docker Buildx	2026-08-18T14:50:13.4461633Z  Context:    default
Build and Security Scan	Set up Docker Buildx	2026-08-18T14:50:13.4462556Z  Debug Mode: false
Build and Security Scan	Set up Docker Buildx	2026-08-18T14:50:13.4462990Z  Plugins:
Build and Security Scan	Set up Docker Buildx	2026-08-18T14:50:13.4463379Z   buildx: Docker Buildx (Docker Inc.)
Build and Security Scan	Set up Docker Buildx	2026-08-18T14:50:13.4463870Z     Version:  v0.36.1
Build and Security Scan	Set up Docker Buildx	2026-08-18T14:50:13.4464366Z     Path:     /usr/libexec/docker/cli-plugins/docker-buildx
Build and Security Scan	Set up Docker Buildx	2026-08-18T14:50:13.4464973Z   compose: Docker Compose (Docker Inc.)
Build and Security Scan	Set up Docker Buildx	2026-08-18T14:50:13.4465420Z     Version:  v2.38.2
Build and Security Scan	Set up Docker Buildx	2026-08-18T14:50:13.4466306Z     Path:     /usr/libexec/docker/cli-plugins/docker-compose
Build and Security Scan	Set up Docker Buildx	2026-08-18T14:50:13.4466767Z 
Build and Security Scan	Set up Docker Buildx	2026-08-18T14:50:13.4466920Z Server:
Build and Security Scan	Set up Docker Buildx	2026-08-18T14:50:13.4467231Z  Containers: 0
Build and Security Scan	Set up Docker Buildx	2026-08-18T14:50:13.4467647Z   Running: 0
Build and Security Scan	Set up Docker Buildx	2026-08-18T14:50:13.4467991Z   Paused: 0
Build and Security Scan	Set up Docker Buildx	2026-08-18T14:50:13.4468344Z   Stopped: 0
Build and Security Scan	Set up Docker Buildx	2026-08-18T14:50:13.4468664Z  Images: 6
Build and Security Scan	Set up Docker Buildx	2026-08-18T14:50:13.4468972Z  Server Version: 28.0.4
Build and Security Scan	Set up Docker Buildx	2026-08-18T14:50:13.4469336Z  Storage Driver: overlay2
Build and Security Scan	Set up Docker Buildx	2026-08-18T14:50:13.4469734Z   Backing Filesystem: extfs
Build and Security Scan	Set up Docker Buildx	2026-08-18T14:50:13.4470148Z   Supports d_type: true
Build and Security Scan	Set up Docker Buildx	2026-08-18T14:50:13.4470544Z   Using metacopy: false
Build and Security Scan	Set up Docker Buildx	2026-08-18T14:50:13.4470948Z   Native Overlay Diff: false
Build and Security Scan	Set up Docker Buildx	2026-08-18T14:50:13.4471355Z   userxattr: false
Build and Security Scan	Set up Docker Buildx	2026-08-18T14:50:13.4471715Z  Logging Driver: json-file
Build and Security Scan	Set up Docker Buildx	2026-08-18T14:50:13.4472148Z  Cgroup Driver: systemd
Build and Security Scan	Set up Docker Buildx	2026-08-18T14:50:13.4472802Z  Cgroup Version: 2
Build and Security Scan	Set up Docker Buildx	2026-08-18T14:50:13.4473182Z  Plugins:
Build and Security Scan	Set up Docker Buildx	2026-08-18T14:50:13.4473536Z   Volume: local
Build and Security Scan	Set up Docker Buildx	2026-08-18T14:50:13.4473981Z   Network: bridge host ipvlan macvlan null overlay
Build and Security Scan	Set up Docker Buildx	2026-08-18T14:50:13.4474761Z   Log: awslogs fluentd gcplogs gelf journald json-file local splunk syslog
Build and Security Scan	Set up Docker Buildx	2026-08-18T14:50:13.4475469Z  Swarm: inactive
Build and Security Scan	Set up Docker Buildx	2026-08-18T14:50:13.4475891Z  Runtimes: io.containerd.runc.v2 runc
Build and Security Scan	Set up Docker Buildx	2026-08-18T14:50:13.4476386Z  Default Runtime: runc
Build and Security Scan	Set up Docker Buildx	2026-08-18T14:50:13.4477215Z  Init Binary: docker-init
Build and Security Scan	Set up Docker Buildx	2026-08-18T14:50:13.4477781Z  containerd version: aad11006b869517fcd3009450b6f82da282e1a9b
Build and Security Scan	Set up Docker Buildx	2026-08-18T14:50:13.4478418Z  runc version: v1.4.3-0-gbb14dab
Build and Security Scan	Set up Docker Buildx	2026-08-18T14:50:13.4478896Z  init version: de40ad0
Build and Security Scan	Set up Docker Buildx	2026-08-18T14:50:13.4479301Z  Security Options:
Build and Security Scan	Set up Docker Buildx	2026-08-18T14:50:13.4479681Z   apparmor
Build and Security Scan	Set up Docker Buildx	2026-08-18T14:50:13.4480020Z   seccomp
Build and Security Scan	Set up Docker Buildx	2026-08-18T14:50:13.4480376Z    Profile: builtin
Build and Security Scan	Set up Docker Buildx	2026-08-18T14:50:13.4480740Z   cgroupns
Build and Security Scan	Set up Docker Buildx	2026-08-18T14:50:13.4481112Z  Kernel Version: 6.17.0-1022-azure
Build and Security Scan	Set up Docker Buildx	2026-08-18T14:50:13.4481607Z  Operating System: Ubuntu 24.04.4 LTS
Build and Security Scan	Set up Docker Buildx	2026-08-18T14:50:13.4482097Z  OSType: linux
Build and Security Scan	Set up Docker Buildx	2026-08-18T14:50:13.4482864Z  Architecture: x86_64
Build and Security Scan	Set up Docker Buildx	2026-08-18T14:50:13.4483294Z  CPUs: 4
Build and Security Scan	Set up Docker Buildx	2026-08-18T14:50:13.4483647Z  Total Memory: 15.61GiB
Build and Security Scan	Set up Docker Buildx	2026-08-18T14:50:13.4484064Z  Name: runnervmzvulz
Build and Security Scan	Set up Docker Buildx	2026-08-18T14:50:13.4484489Z  ID: 440382a3-ae17-440e-9655-4a40a976c94e
Build and Security Scan	Set up Docker Buildx	2026-08-18T14:50:13.4485009Z  Docker Root Dir: /var/lib/docker
Build and Security Scan	Set up Docker Buildx	2026-08-18T14:50:13.4485464Z  Debug Mode: false
Build and Security Scan	Set up Docker Buildx	2026-08-18T14:50:13.4485872Z  Username: githubactions
Build and Security Scan	Set up Docker Buildx	2026-08-18T14:50:13.4486299Z  Experimental: false
Build and Security Scan	Set up Docker Buildx	2026-08-18T14:50:13.4486713Z  Insecure Registries:
Build and Security Scan	Set up Docker Buildx	2026-08-18T14:50:13.4493304Z   ::1/128
Build and Security Scan	Set up Docker Buildx	2026-08-18T14:50:13.4493701Z   127.0.0.0/8
Build and Security Scan	Set up Docker Buildx	2026-08-18T14:50:13.4494099Z  Live Restore Enabled: false
Build and Security Scan	Set up Docker Buildx	2026-08-18T14:50:13.4494415Z 
Build and Security Scan	Set up Docker Buildx	2026-08-18T14:50:13.4495031Z ##[endgroup]
Build and Security Scan	Set up Docker Buildx	2026-08-18T14:50:13.5234429Z ##[group]Buildx version
Build and Security Scan	Set up Docker Buildx	2026-08-18T14:50:13.5246789Z [command]/usr/bin/docker buildx version
Build and Security Scan	Set up Docker Buildx	2026-08-18T14:50:13.5738271Z github.com/docker/buildx v0.36.1 1d8dde89b8aba914e05e45366770736fea1fd690
Build and Security Scan	Set up Docker Buildx	2026-08-18T14:50:13.5767564Z ##[endgroup]
Build and Security Scan	Set up Docker Buildx	2026-08-18T14:50:13.5921080Z ##[group]Inspecting default docker context
Build and Security Scan	Set up Docker Buildx	2026-08-18T14:50:13.6072674Z [
Build and Security Scan	Set up Docker Buildx	2026-08-18T14:50:13.6073091Z   {
Build and Security Scan	Set up Docker Buildx	2026-08-18T14:50:13.6073415Z     "Name": "default",
Build and Security Scan	Set up Docker Buildx	2026-08-18T14:50:13.6073830Z     "Metadata": {},
Build and Security Scan	Set up Docker Buildx	2026-08-18T14:50:13.6074203Z     "Endpoints": {
Build and Security Scan	Set up Docker Buildx	2026-08-18T14:50:13.6074612Z       "docker": {
Build and Security Scan	Set up Docker Buildx	2026-08-18T14:50:13.6075071Z         "Host": "unix:///var/run/docker.sock",
Build and Security Scan	Set up Docker Buildx	2026-08-18T14:50:13.6075674Z         "SkipTLSVerify": false
Build and Security Scan	Set up Docker Buildx	2026-08-18T14:50:13.6076132Z       }
Build and Security Scan	Set up Docker Buildx	2026-08-18T14:50:13.6076457Z     },
Build and Security Scan	Set up Docker Buildx	2026-08-18T14:50:13.6076832Z     "TLSMaterial": {},
Build and Security Scan	Set up Docker Buildx	2026-08-18T14:50:13.6077254Z     "Storage": {
Build and Security Scan	Set up Docker Buildx	2026-08-18T14:50:13.6077654Z       "MetadataPath": "<IN MEMORY>",
Build and Security Scan	Set up Docker Buildx	2026-08-18T14:50:13.6078181Z       "TLSPath": "<IN MEMORY>"
Build and Security Scan	Set up Docker Buildx	2026-08-18T14:50:13.6078650Z     }
Build and Security Scan	Set up Docker Buildx	2026-08-18T14:50:13.6079015Z   }
Build and Security Scan	Set up Docker Buildx	2026-08-18T14:50:13.6079328Z ]
Build and Security Scan	Set up Docker Buildx	2026-08-18T14:50:13.6080078Z ##[endgroup]
Build and Security Scan	Set up Docker Buildx	2026-08-18T14:50:13.6080786Z ##[group]Creating a new builder instance
Build and Security Scan	Set up Docker Buildx	2026-08-18T14:50:13.7354336Z [command]/usr/bin/docker buildx create --name builder-ef925651-3c87-4126-8eba-7034031bdca0 --driver docker-container --buildkitd-flags --allow-insecure-entitlement security.insecure --allow-insecure-entitlement network.host --use
Build and Security Scan	Set up Docker Buildx	2026-08-18T14:50:13.7993787Z builder-ef925651-3c87-4126-8eba-7034031bdca0
Build and Security Scan	Set up Docker Buildx	2026-08-18T14:50:13.8013475Z ##[endgroup]
Build and Security Scan	Set up Docker Buildx	2026-08-18T14:50:13.8014670Z ##[group]Booting builder
Build and Security Scan	Set up Docker Buildx	2026-08-18T14:50:13.8062542Z [command]/usr/bin/docker buildx inspect --bootstrap --builder builder-ef925651-3c87-4126-8eba-7034031bdca0
Build and Security Scan	Set up Docker Buildx	2026-08-18T14:50:13.8594733Z #1 [internal] booting buildkit
Build and Security Scan	Set up Docker Buildx	2026-08-18T14:50:14.0102606Z #1 pulling image moby/buildkit:buildx-stable-1
Build and Security Scan	Set up Docker Buildx	2026-08-18T14:50:16.8915445Z #1 pulling image moby/buildkit:buildx-stable-1 3.0s done
Build and Security Scan	Set up Docker Buildx	2026-08-18T14:50:17.0437782Z #1 creating container buildx_buildkit_builder-ef925651-3c87-4126-8eba-7034031bdca00
Build and Security Scan	Set up Docker Buildx	2026-08-18T14:50:17.2136725Z #1 creating container buildx_buildkit_builder-ef925651-3c87-4126-8eba-7034031bdca00 0.3s done
Build and Security Scan	Set up Docker Buildx	2026-08-18T14:50:17.2160794Z #1 DONE 3.4s
Build and Security Scan	Set up Docker Buildx	2026-08-18T14:50:17.2564472Z Name:          builder-ef925651-3c87-4126-8eba-7034031bdca0
Build and Security Scan	Set up Docker Buildx	2026-08-18T14:50:17.2565762Z Driver:        docker-container
Build and Security Scan	Set up Docker Buildx	2026-08-18T14:50:17.2566689Z Last Activity: 2026-08-18 14:50:13 +0000 UTC
Build and Security Scan	Set up Docker Buildx	2026-08-18T14:50:17.2567335Z 
Build and Security Scan	Set up Docker Buildx	2026-08-18T14:50:17.2567548Z Nodes:
Build and Security Scan	Set up Docker Buildx	2026-08-18T14:50:17.2568022Z Name:                  builder-ef925651-3c87-4126-8eba-7034031bdca00
Build and Security Scan	Set up Docker Buildx	2026-08-18T14:50:17.2569065Z Endpoint:              unix:///var/run/docker.sock
Build and Security Scan	Set up Docker Buildx	2026-08-18T14:50:17.2569768Z Status:                running
Build and Security Scan	Set up Docker Buildx	2026-08-18T14:50:17.2570435Z BuildKit daemon flags: --allow-insecure-entitlement security.insecure --allow-insecure-entitlement network.host
Build and Security Scan	Set up Docker Buildx	2026-08-18T14:50:17.2571093Z BuildKit version:      v0.32.2
Build and Security Scan	Set up Docker Buildx	2026-08-18T14:50:17.2571547Z Platforms:             linux/amd64, linux/amd64/v2, linux/amd64/v3, linux/386
Build and Security Scan	Set up Docker Buildx	2026-08-18T14:50:17.2572016Z Labels:
Build and Security Scan	Set up Docker Buildx	2026-08-18T14:50:17.2572697Z  org.mobyproject.buildkit.worker.executor:         oci
Build and Security Scan	Set up Docker Buildx	2026-08-18T14:50:17.2573306Z  org.mobyproject.buildkit.worker.hostname:         1b92e077da2d
Build and Security Scan	Set up Docker Buildx	2026-08-18T14:50:17.2573863Z  org.mobyproject.buildkit.worker.network:          host
Build and Security Scan	Set up Docker Buildx	2026-08-18T14:50:17.2574406Z  org.mobyproject.buildkit.worker.oci.process-mode: sandbox
Build and Security Scan	Set up Docker Buildx	2026-08-18T14:50:17.2574944Z  org.mobyproject.buildkit.worker.selinux.enabled:  false
Build and Security Scan	Set up Docker Buildx	2026-08-18T14:50:17.2575558Z  org.mobyproject.buildkit.worker.snapshotter:      overlayfs
Build and Security Scan	Set up Docker Buildx	2026-08-18T14:50:17.2576021Z GC Policy rule#0:
Build and Security Scan	Set up Docker Buildx	2026-08-18T14:50:17.2576340Z  All:            false
Build and Security Scan	Set up Docker Buildx	2026-08-18T14:50:17.2576997Z  Filters:        type==source.local type==exec.cachemount type==source.git.checkout
Build and Security Scan	Set up Docker Buildx	2026-08-18T14:50:17.2577519Z  Keep Duration:  48h0m0s
Build and Security Scan	Set up Docker Buildx	2026-08-18T14:50:17.2577859Z  Max Used Space: 488.3MiB
Build and Security Scan	Set up Docker Buildx	2026-08-18T14:50:17.2578209Z GC Policy rule#1:
Build and Security Scan	Set up Docker Buildx	2026-08-18T14:50:17.2578580Z  All:            false
Build and Security Scan	Set up Docker Buildx	2026-08-18T14:50:17.2578911Z  Keep Duration:  1440h0m0s
Build and Security Scan	Set up Docker Buildx	2026-08-18T14:50:17.2579252Z  Reserved Space: 9.313GiB
Build and Security Scan	Set up Docker Buildx	2026-08-18T14:50:17.2579645Z  Max Used Space: 93.13GiB
Build and Security Scan	Set up Docker Buildx	2026-08-18T14:50:17.2579999Z  Min Free Space: 27.01GiB
Build and Security Scan	Set up Docker Buildx	2026-08-18T14:50:17.2580329Z GC Policy rule#2:
Build and Security Scan	Set up Docker Buildx	2026-08-18T14:50:17.2580647Z  All:            false
Build and Security Scan	Set up Docker Buildx	2026-08-18T14:50:17.2580988Z  Reserved Space: 9.313GiB
Build and Security Scan	Set up Docker Buildx	2026-08-18T14:50:17.2581332Z  Max Used Space: 93.13GiB
Build and Security Scan	Set up Docker Buildx	2026-08-18T14:50:17.2581664Z  Min Free Space: 27.01GiB
Build and Security Scan	Set up Docker Buildx	2026-08-18T14:50:17.2581991Z GC Policy rule#3:
Build and Security Scan	Set up Docker Buildx	2026-08-18T14:50:17.2582604Z  All:            true
Build and Security Scan	Set up Docker Buildx	2026-08-18T14:50:17.2583256Z  Reserved Space: 9.313GiB
Build and Security Scan	Set up Docker Buildx	2026-08-18T14:50:17.2583711Z  Max Used Space: 93.13GiB
Build and Security Scan	Set up Docker Buildx	2026-08-18T14:50:17.2584092Z  Min Free Space: 27.01GiB
Build and Security Scan	Set up Docker Buildx	2026-08-18T14:50:17.2618525Z ##[endgroup]
Build and Security Scan	Set up Docker Buildx	2026-08-18T14:50:17.3569160Z ##[group]Inspect builder
Build and Security Scan	Set up Docker Buildx	2026-08-18T14:50:17.3573317Z {
Build and Security Scan	Set up Docker Buildx	2026-08-18T14:50:17.3575061Z   "nodes": [
Build and Security Scan	Set up Docker Buildx	2026-08-18T14:50:17.3575708Z     {
Build and Security Scan	Set up Docker Buildx	2026-08-18T14:50:17.3576194Z       "name": "builder-ef925651-3c87-4126-8eba-7034031bdca00",
Build and Security Scan	Set up Docker Buildx	2026-08-18T14:50:17.3576855Z       "endpoint": "unix:///var/run/docker.sock",
Build and Security Scan	Set up Docker Buildx	2026-08-18T14:50:17.3577186Z       "status": "running",
Build and Security Scan	Set up Docker Buildx	2026-08-18T14:50:17.3577723Z       "buildkitd-flags": "--allow-insecure-entitlement security.insecure --allow-insecure-entitlement network.host",
Build and Security Scan	Set up Docker Buildx	2026-08-18T14:50:17.3578563Z       "buildkit": "v0.32.2",
Build and Security Scan	Set up Docker Buildx	2026-08-18T14:50:17.3578892Z       "platforms": "linux/amd64,linux/amd64/v2,linux/amd64/v3,linux/386",
Build and Security Scan	Set up Docker Buildx	2026-08-18T14:50:17.3579256Z       "features": {
Build and Security Scan	Set up Docker Buildx	2026-08-18T14:50:17.3579569Z         "Automatically load images to the Docker Engine image store": true,
Build and Security Scan	Set up Docker Buildx	2026-08-18T14:50:17.3579952Z         "Cache export": true,
Build and Security Scan	Set up Docker Buildx	2026-08-18T14:50:17.3580223Z         "Direct push": true,
Build and Security Scan	Set up Docker Buildx	2026-08-18T14:50:17.3580457Z         "Docker exporter": true,
Build and Security Scan	Set up Docker Buildx	2026-08-18T14:50:17.3580735Z         "Multi-platform build": true,
Build and Security Scan	Set up Docker Buildx	2026-08-18T14:50:17.3580997Z         "OCI exporter": true
Build and Security Scan	Set up Docker Buildx	2026-08-18T14:50:17.3581205Z       },
Build and Security Scan	Set up Docker Buildx	2026-08-18T14:50:17.3581377Z       "labels": {
Build and Security Scan	Set up Docker Buildx	2026-08-18T14:50:17.3581635Z         "org.mobyproject.buildkit.worker.executor": "oci",
Build and Security Scan	Set up Docker Buildx	2026-08-18T14:50:17.3582075Z         "org.mobyproject.buildkit.worker.hostname": "1b92e077da2d",
Build and Security Scan	Set up Docker Buildx	2026-08-18T14:50:17.3582778Z         "org.mobyproject.buildkit.worker.network": "host",
Build and Security Scan	Set up Docker Buildx	2026-08-18T14:50:17.3583205Z         "org.mobyproject.buildkit.worker.oci.process-mode": "sandbox",
Build and Security Scan	Set up Docker Buildx	2026-08-18T14:50:17.3583668Z         "org.mobyproject.buildkit.worker.selinux.enabled": "false",
Build and Security Scan	Set up Docker Buildx	2026-08-18T14:50:17.3584144Z         "org.mobyproject.buildkit.worker.snapshotter": "overlayfs"
Build and Security Scan	Set up Docker Buildx	2026-08-18T14:50:17.3584485Z       },
Build and Security Scan	Set up Docker Buildx	2026-08-18T14:50:17.3584862Z       "gcPolicy": [
Build and Security Scan	Set up Docker Buildx	2026-08-18T14:50:17.3585180Z         {
Build and Security Scan	Set up Docker Buildx	2026-08-18T14:50:17.3585379Z           "all": false,
Build and Security Scan	Set up Docker Buildx	2026-08-18T14:50:17.3585619Z           "filter": [
Build and Security Scan	Set up Docker Buildx	2026-08-18T14:50:17.3585955Z             "type==source.local type==exec.cachemount type==source.git.checkout"
Build and Security Scan	Set up Docker Buildx	2026-08-18T14:50:17.3586364Z           ],
Build and Security Scan	Set up Docker Buildx	2026-08-18T14:50:17.3586582Z           "keepDuration": "48h0m0s",
Build and Security Scan	Set up Docker Buildx	2026-08-18T14:50:17.3586855Z           "maxUsedSpace": "488.3MiB"
Build and Security Scan	Set up Docker Buildx	2026-08-18T14:50:17.3587099Z         },
Build and Security Scan	Set up Docker Buildx	2026-08-18T14:50:17.3587273Z         {
Build and Security Scan	Set up Docker Buildx	2026-08-18T14:50:17.3587467Z           "all": false,
Build and Security Scan	Set up Docker Buildx	2026-08-18T14:50:17.3587681Z           "keepDuration": "1440h0m0s",
Build and Security Scan	Set up Docker Buildx	2026-08-18T14:50:17.3587956Z           "reservedSpace": "9.313GiB",
Build and Security Scan	Set up Docker Buildx	2026-08-18T14:50:17.3588253Z           "maxUsedSpace": "93.13GiB",
Build and Security Scan	Set up Docker Buildx	2026-08-18T14:50:17.3588556Z           "minFreeSpace": "27.01GiB"
Build and Security Scan	Set up Docker Buildx	2026-08-18T14:50:17.3588802Z         },
Build and Security Scan	Set up Docker Buildx	2026-08-18T14:50:17.3588974Z         {
Build and Security Scan	Set up Docker Buildx	2026-08-18T14:50:17.3589146Z           "all": false,
Build and Security Scan	Set up Docker Buildx	2026-08-18T14:50:17.3589358Z           "reservedSpace": "9.313GiB",
Build and Security Scan	Set up Docker Buildx	2026-08-18T14:50:17.3589638Z           "maxUsedSpace": "93.13GiB",
Build and Security Scan	Set up Docker Buildx	2026-08-18T14:50:17.3589892Z           "minFreeSpace": "27.01GiB"
Build and Security Scan	Set up Docker Buildx	2026-08-18T14:50:17.3590153Z         },
Build and Security Scan	Set up Docker Buildx	2026-08-18T14:50:17.3590349Z         {
Build and Security Scan	Set up Docker Buildx	2026-08-18T14:50:17.3590560Z           "all": true,
Build and Security Scan	Set up Docker Buildx	2026-08-18T14:50:17.3590840Z           "reservedSpace": "9.313GiB",
Build and Security Scan	Set up Docker Buildx	2026-08-18T14:50:17.3591140Z           "maxUsedSpace": "93.13GiB",
Build and Security Scan	Set up Docker Buildx	2026-08-18T14:50:17.3591412Z           "minFreeSpace": "27.01GiB"
Build and Security Scan	Set up Docker Buildx	2026-08-18T14:50:17.3591665Z         }
Build and Security Scan	Set up Docker Buildx	2026-08-18T14:50:17.3591857Z       ]
Build and Security Scan	Set up Docker Buildx	2026-08-18T14:50:17.3592030Z     }
Build and Security Scan	Set up Docker Buildx	2026-08-18T14:50:17.3592214Z   ],
Build and Security Scan	Set up Docker Buildx	2026-08-18T14:50:17.3592760Z   "name": "builder-ef925651-3c87-4126-8eba-7034031bdca0",
Build and Security Scan	Set up Docker Buildx	2026-08-18T14:50:17.3593167Z   "driver": "docker-container",
Build and Security Scan	Set up Docker Buildx	2026-08-18T14:50:17.3593462Z   "lastActivity": "2026-08-18T14:50:13.000Z"
Build and Security Scan	Set up Docker Buildx	2026-08-18T14:50:17.3593741Z }
Build and Security Scan	Set up Docker Buildx	2026-08-18T14:50:17.3594138Z ##[endgroup]
Build and Security Scan	Set up Docker Buildx	2026-08-18T14:50:17.3594503Z ##[group]BuildKit version
Build and Security Scan	Set up Docker Buildx	2026-08-18T14:50:17.3594818Z builder-ef925651-3c87-4126-8eba-7034031bdca00: v0.32.2
Build and Security Scan	Set up Docker Buildx	2026-08-18T14:50:17.3595289Z ##[endgroup]
Build and Security Scan	Build Docker Image	﻿2026-08-18T14:50:17.3770753Z Node 20 is being deprecated. This workflow is running with Node 24 by default. If you need to temporarily use Node 20, you can set the ACTIONS_ALLOW_USE_UNSECURE_NODE_VERSION=true environment variable. For more information see: https://github.blog/changelog/2025-09-19-deprecation-of-node-20-on-github-actions-runners/
Build and Security Scan	Build Docker Image	2026-08-18T14:50:17.3772052Z ##[group]Run docker/build-push-action@v6
Build and Security Scan	Build Docker Image	2026-08-18T14:50:17.3772587Z with:
Build and Security Scan	Build Docker Image	2026-08-18T14:50:17.3772867Z   context: .
Build and Security Scan	Build Docker Image	2026-08-18T14:50:17.3773062Z   load: true
Build and Security Scan	Build Docker Image	2026-08-18T14:50:17.3773310Z   tags: ranjit1984/assal-kolhapuri-dryfruits-api:12456ec
Build and Security Scan	Build Docker Image	
Build and Security Scan	Build Docker Image	2026-08-18T14:50:17.3773812Z   cache-from: type=gha
Build and Security Scan	Build Docker Image	2026-08-18T14:50:17.3774032Z   cache-to: type=gha,mode=max
Build and Security Scan	Build Docker Image	2026-08-18T14:50:17.3774261Z   no-cache: false
Build and Security Scan	Build Docker Image	2026-08-18T14:50:17.3774453Z   pull: false
Build and Security Scan	Build Docker Image	2026-08-18T14:50:17.3774633Z   push: false
Build and Security Scan	Build Docker Image	2026-08-18T14:50:17.3776850Z   github-token: ***
Build and Security Scan	Build Docker Image	2026-08-18T14:50:17.3777044Z env:
Build and Security Scan	Build Docker Image	2026-08-18T14:50:17.3777273Z   IMAGE_NAME: ranjit1984/assal-kolhapuri-dryfruits-api
Build and Security Scan	Build Docker Image	2026-08-18T14:50:17.3777614Z ##[endgroup]
Build and Security Scan	Build Docker Image	2026-08-18T14:50:17.6156359Z (node:2627) [DEP0040] DeprecationWarning: The `punycode` module is deprecated. Please use a userland alternative instead.
Build and Security Scan	Build Docker Image	2026-08-18T14:50:17.6157476Z (Use `node --trace-deprecation ...` to show where the warning was created)
Build and Security Scan	Build Docker Image	2026-08-18T14:50:17.6178306Z ##[group]GitHub Actions runtime token ACs
Build and Security Scan	Build Docker Image	2026-08-18T14:50:17.6186604Z refs/heads/main: read/write
Build and Security Scan	Build Docker Image	2026-08-18T14:50:17.6187091Z refs/heads/master: read
Build and Security Scan	Build Docker Image	2026-08-18T14:50:17.6187804Z ##[endgroup]
Build and Security Scan	Build Docker Image	2026-08-18T14:50:17.6188437Z ##[group]Docker info
Build and Security Scan	Build Docker Image	2026-08-18T14:50:17.6251331Z [command]/usr/bin/docker version
Build and Security Scan	Build Docker Image	2026-08-18T14:50:17.6479122Z Client: Docker Engine - Community
Build and Security Scan	Build Docker Image	2026-08-18T14:50:17.6489376Z  Version:           28.0.4
Build and Security Scan	Build Docker Image	2026-08-18T14:50:17.6489790Z  API version:       1.48
Build and Security Scan	Build Docker Image	2026-08-18T14:50:17.6490161Z  Go version:        go1.23.7
Build and Security Scan	Build Docker Image	2026-08-18T14:50:17.6490491Z  Git commit:        b8034c0
Build and Security Scan	Build Docker Image	2026-08-18T14:50:17.6490880Z  Built:             Tue Mar 25 15:07:16 2025
Build and Security Scan	Build Docker Image	2026-08-18T14:50:17.6491238Z  OS/Arch:           linux/amd64
Build and Security Scan	Build Docker Image	2026-08-18T14:50:17.6491583Z  Context:           default
Build and Security Scan	Build Docker Image	2026-08-18T14:50:17.6491805Z 
Build and Security Scan	Build Docker Image	2026-08-18T14:50:17.6491977Z Server: Docker Engine - Community
Build and Security Scan	Build Docker Image	2026-08-18T14:50:17.6492597Z  Engine:
Build and Security Scan	Build Docker Image	2026-08-18T14:50:17.6492939Z   Version:          28.0.4
Build and Security Scan	Build Docker Image	2026-08-18T14:50:17.6493240Z   API version:      1.48 (minimum version 1.24)
Build and Security Scan	Build Docker Image	2026-08-18T14:50:17.6493541Z   Go version:       go1.23.7
Build and Security Scan	Build Docker Image	2026-08-18T14:50:17.6493776Z   Git commit:       6430e49
Build and Security Scan	Build Docker Image	2026-08-18T14:50:17.6494032Z   Built:            Tue Mar 25 15:07:16 2025
Build and Security Scan	Build Docker Image	2026-08-18T14:50:17.6494304Z   OS/Arch:          linux/amd64
Build and Security Scan	Build Docker Image	2026-08-18T14:50:17.6494556Z   Experimental:     false
Build and Security Scan	Build Docker Image	2026-08-18T14:50:17.6494781Z  containerd:
Build and Security Scan	Build Docker Image	2026-08-18T14:50:17.6494972Z   Version:          v2.3.3
Build and Security Scan	Build Docker Image	2026-08-18T14:50:17.6495252Z   GitCommit:        aad11006b869517fcd3009450b6f82da282e1a9b
Build and Security Scan	Build Docker Image	2026-08-18T14:50:17.6495568Z  runc:
Build and Security Scan	Build Docker Image	2026-08-18T14:50:17.6495750Z   Version:          1.4.3
Build and Security Scan	Build Docker Image	2026-08-18T14:50:17.6495973Z   GitCommit:        v1.4.3-0-gbb14dab
Build and Security Scan	Build Docker Image	2026-08-18T14:50:17.6496226Z  docker-init:
Build and Security Scan	Build Docker Image	2026-08-18T14:50:17.6496425Z   Version:          0.19.0
Build and Security Scan	Build Docker Image	2026-08-18T14:50:17.6496641Z   GitCommit:        de40ad0
Build and Security Scan	Build Docker Image	2026-08-18T14:50:17.6531815Z [command]/usr/bin/docker info
Build and Security Scan	Build Docker Image	2026-08-18T14:50:17.7087941Z Client: Docker Engine - Community
Build and Security Scan	Build Docker Image	2026-08-18T14:50:17.7088670Z  Version:    28.0.4
Build and Security Scan	Build Docker Image	2026-08-18T14:50:17.7089739Z  Context:    default
Build and Security Scan	Build Docker Image	2026-08-18T14:50:17.7090280Z  Debug Mode: false
Build and Security Scan	Build Docker Image	2026-08-18T14:50:17.7090796Z  Plugins:
Build and Security Scan	Build Docker Image	2026-08-18T14:50:17.7091313Z   buildx: Docker Buildx (Docker Inc.)
Build and Security Scan	Build Docker Image	2026-08-18T14:50:17.7091933Z     Version:  v0.36.1
Build and Security Scan	Build Docker Image	2026-08-18T14:50:17.7092813Z     Path:     /usr/libexec/docker/cli-plugins/docker-buildx
Build and Security Scan	Build Docker Image	2026-08-18T14:50:17.7093544Z   compose: Docker Compose (Docker Inc.)
Build and Security Scan	Build Docker Image	2026-08-18T14:50:17.7094170Z     Version:  v2.38.2
Build and Security Scan	Build Docker Image	2026-08-18T14:50:17.7094791Z     Path:     /usr/libexec/docker/cli-plugins/docker-compose
Build and Security Scan	Build Docker Image	2026-08-18T14:50:17.7095347Z 
Build and Security Scan	Build Docker Image	2026-08-18T14:50:17.7095621Z Server:
Build and Security Scan	Build Docker Image	2026-08-18T14:50:17.7096062Z  Containers: 1
Build and Security Scan	Build Docker Image	2026-08-18T14:50:17.7096517Z   Running: 1
Build and Security Scan	Build Docker Image	2026-08-18T14:50:17.7097038Z   Paused: 0
Build and Security Scan	Build Docker Image	2026-08-18T14:50:17.7098183Z   Stopped: 0
Build and Security Scan	Build Docker Image	2026-08-18T14:50:17.7098655Z  Images: 7
Build and Security Scan	Build Docker Image	2026-08-18T14:50:17.7099215Z  Server Version: 28.0.4
Build and Security Scan	Build Docker Image	2026-08-18T14:50:17.7099765Z  Storage Driver: overlay2
Build and Security Scan	Build Docker Image	2026-08-18T14:50:17.7100474Z   Backing Filesystem: extfs
Build and Security Scan	Build Docker Image	2026-08-18T14:50:17.7101020Z   Supports d_type: true
Build and Security Scan	Build Docker Image	2026-08-18T14:50:17.7101782Z   Using metacopy: false
Build and Security Scan	Build Docker Image	2026-08-18T14:50:17.7102466Z   Native Overlay Diff: false
Build and Security Scan	Build Docker Image	2026-08-18T14:50:17.7103031Z   userxattr: false
Build and Security Scan	Build Docker Image	2026-08-18T14:50:17.7103528Z  Logging Driver: json-file
Build and Security Scan	Build Docker Image	2026-08-18T14:50:17.7104053Z  Cgroup Driver: systemd
Build and Security Scan	Build Docker Image	2026-08-18T14:50:17.7104783Z  Cgroup Version: 2
Build and Security Scan	Build Docker Image	2026-08-18T14:50:17.7105255Z  Plugins:
Build and Security Scan	Build Docker Image	2026-08-18T14:50:17.7105695Z   Volume: local
Build and Security Scan	Build Docker Image	2026-08-18T14:50:17.7106226Z   Network: bridge host ipvlan macvlan null overlay
Build and Security Scan	Build Docker Image	2026-08-18T14:50:17.7107111Z   Log: awslogs fluentd gcplogs gelf journald json-file local splunk syslog
Build and Security Scan	Build Docker Image	2026-08-18T14:50:17.7107950Z  Swarm: inactive
Build and Security Scan	Build Docker Image	2026-08-18T14:50:17.7108467Z  Runtimes: runc io.containerd.runc.v2
Build and Security Scan	Build Docker Image	2026-08-18T14:50:17.7109124Z  Default Runtime: runc
Build and Security Scan	Build Docker Image	2026-08-18T14:50:17.7109648Z  Init Binary: docker-init
Build and Security Scan	Build Docker Image	2026-08-18T14:50:17.7110486Z  containerd version: aad11006b869517fcd3009450b6f82da282e1a9b
Build and Security Scan	Build Docker Image	2026-08-18T14:50:17.7111621Z  runc version: v1.4.3-0-gbb14dab
Build and Security Scan	Build Docker Image	2026-08-18T14:50:17.7113254Z  init version: de40ad0
Build and Security Scan	Build Docker Image	2026-08-18T14:50:17.7114013Z  Security Options:
Build and Security Scan	Build Docker Image	2026-08-18T14:50:17.7114894Z   apparmor
Build and Security Scan	Build Docker Image	2026-08-18T14:50:17.7115612Z   seccomp
Build and Security Scan	Build Docker Image	2026-08-18T14:50:17.7116143Z    Profile: builtin
Build and Security Scan	Build Docker Image	2026-08-18T14:50:17.7116667Z   cgroupns
Build and Security Scan	Build Docker Image	2026-08-18T14:50:17.7117360Z  Kernel Version: 6.17.0-1022-azure
Build and Security Scan	Build Docker Image	2026-08-18T14:50:17.7118008Z  Operating System: Ubuntu 24.04.4 LTS
Build and Security Scan	Build Docker Image	2026-08-18T14:50:17.7118597Z  OSType: linux
Build and Security Scan	Build Docker Image	2026-08-18T14:50:17.7119069Z  Architecture: x86_64
Build and Security Scan	Build Docker Image	2026-08-18T14:50:17.7119549Z  CPUs: 4
Build and Security Scan	Build Docker Image	2026-08-18T14:50:17.7120015Z  Total Memory: 15.61GiB
Build and Security Scan	Build Docker Image	2026-08-18T14:50:17.7120573Z  Name: runnervmzvulz
Build and Security Scan	Build Docker Image	2026-08-18T14:50:17.7121089Z  ID: 440382a3-ae17-440e-9655-4a40a976c94e
Build and Security Scan	Build Docker Image	2026-08-18T14:50:17.7121690Z  Docker Root Dir: /var/lib/docker
Build and Security Scan	Build Docker Image	2026-08-18T14:50:17.7122465Z  Debug Mode: false
Build and Security Scan	Build Docker Image	2026-08-18T14:50:17.7122983Z  Username: githubactions
Build and Security Scan	Build Docker Image	2026-08-18T14:50:17.7123500Z  Experimental: false
Build and Security Scan	Build Docker Image	2026-08-18T14:50:17.7124003Z  Insecure Registries:
Build and Security Scan	Build Docker Image	2026-08-18T14:50:17.7124524Z   ::1/128
Build and Security Scan	Build Docker Image	2026-08-18T14:50:17.7124950Z   127.0.0.0/8
Build and Security Scan	Build Docker Image	2026-08-18T14:50:17.7125413Z  Live Restore Enabled: false
Build and Security Scan	Build Docker Image	2026-08-18T14:50:17.7125814Z 
Build and Security Scan	Build Docker Image	2026-08-18T14:50:17.7126427Z ##[endgroup]
Build and Security Scan	Build Docker Image	2026-08-18T14:50:17.7127182Z ##[group]Proxy configuration
Build and Security Scan	Build Docker Image	2026-08-18T14:50:17.7127737Z No proxy configuration found
Build and Security Scan	Build Docker Image	2026-08-18T14:50:17.7128484Z ##[endgroup]
Build and Security Scan	Build Docker Image	2026-08-18T14:50:17.7694017Z ##[group]Buildx version
Build and Security Scan	Build Docker Image	2026-08-18T14:50:17.7719571Z [command]/usr/bin/docker buildx version
Build and Security Scan	Build Docker Image	2026-08-18T14:50:17.8184240Z github.com/docker/buildx v0.36.1 1d8dde89b8aba914e05e45366770736fea1fd690
Build and Security Scan	Build Docker Image	2026-08-18T14:50:17.8213828Z ##[endgroup]
Build and Security Scan	Build Docker Image	2026-08-18T14:50:17.8214242Z ##[group]Builder info
Build and Security Scan	Build Docker Image	2026-08-18T14:50:17.9070442Z {
Build and Security Scan	Build Docker Image	2026-08-18T14:50:17.9071436Z   "nodes": [
Build and Security Scan	Build Docker Image	2026-08-18T14:50:17.9072391Z     {
Build and Security Scan	Build Docker Image	2026-08-18T14:50:17.9073174Z       "name": "builder-ef925651-3c87-4126-8eba-7034031bdca00",
Build and Security Scan	Build Docker Image	2026-08-18T14:50:17.9073922Z       "endpoint": "unix:///var/run/docker.sock",
Build and Security Scan	Build Docker Image	2026-08-18T14:50:17.9074452Z       "status": "running",
Build and Security Scan	Build Docker Image	2026-08-18T14:50:17.9075341Z       "buildkitd-flags": "--allow-insecure-entitlement security.insecure --allow-insecure-entitlement network.host",
Build and Security Scan	Build Docker Image	2026-08-18T14:50:17.9076642Z       "buildkit": "v0.32.2",
Build and Security Scan	Build Docker Image	2026-08-18T14:50:17.9077230Z       "platforms": "linux/amd64,linux/amd64/v2,linux/amd64/v3,linux/386",
Build and Security Scan	Build Docker Image	2026-08-18T14:50:17.9078208Z       "features": {
Build and Security Scan	Build Docker Image	2026-08-18T14:50:17.9079103Z         "Automatically load images to the Docker Engine image store": true,
Build and Security Scan	Build Docker Image	2026-08-18T14:50:17.9079849Z         "Cache export": true,
Build and Security Scan	Build Docker Image	2026-08-18T14:50:17.9080273Z         "Direct push": true,
Build and Security Scan	Build Docker Image	2026-08-18T14:50:17.9080698Z         "Docker exporter": true,
Build and Security Scan	Build Docker Image	2026-08-18T14:50:17.9081104Z         "Multi-platform build": true,
Build and Security Scan	Build Docker Image	2026-08-18T14:50:17.9081625Z         "OCI exporter": true
Build and Security Scan	Build Docker Image	2026-08-18T14:50:17.9082063Z       },
Build and Security Scan	Build Docker Image	2026-08-18T14:50:17.9082989Z       "labels": {
Build and Security Scan	Build Docker Image	2026-08-18T14:50:17.9083849Z         "org.mobyproject.buildkit.worker.executor": "oci",
Build and Security Scan	Build Docker Image	2026-08-18T14:50:17.9084568Z         "org.mobyproject.buildkit.worker.hostname": "1b92e077da2d",
Build and Security Scan	Build Docker Image	2026-08-18T14:50:17.9085295Z         "org.mobyproject.buildkit.worker.network": "host",
Build and Security Scan	Build Docker Image	2026-08-18T14:50:17.9086044Z         "org.mobyproject.buildkit.worker.oci.process-mode": "sandbox",
Build and Security Scan	Build Docker Image	2026-08-18T14:50:17.9086863Z         "org.mobyproject.buildkit.worker.selinux.enabled": "false",
Build and Security Scan	Build Docker Image	2026-08-18T14:50:17.9087627Z         "org.mobyproject.buildkit.worker.snapshotter": "overlayfs"
Build and Security Scan	Build Docker Image	2026-08-18T14:50:17.9088567Z       },
Build and Security Scan	Build Docker Image	2026-08-18T14:50:17.9088899Z       "gcPolicy": [
Build and Security Scan	Build Docker Image	2026-08-18T14:50:17.9089250Z         {
Build and Security Scan	Build Docker Image	2026-08-18T14:50:17.9089575Z           "all": false,
Build and Security Scan	Build Docker Image	2026-08-18T14:50:17.9089989Z           "filter": [
Build and Security Scan	Build Docker Image	2026-08-18T14:50:17.9090545Z             "type==source.local type==exec.cachemount type==source.git.checkout"
Build and Security Scan	Build Docker Image	2026-08-18T14:50:17.9091192Z           ],
Build and Security Scan	Build Docker Image	2026-08-18T14:50:17.9091584Z           "keepDuration": "48h0m0s",
Build and Security Scan	Build Docker Image	2026-08-18T14:50:17.9092050Z           "maxUsedSpace": "488.3MiB"
Build and Security Scan	Build Docker Image	2026-08-18T14:50:17.9092898Z         },
Build and Security Scan	Build Docker Image	2026-08-18T14:50:17.9093216Z         {
Build and Security Scan	Build Docker Image	2026-08-18T14:50:17.9093530Z           "all": false,
Build and Security Scan	Build Docker Image	2026-08-18T14:50:17.9093916Z           "keepDuration": "1440h0m0s",
Build and Security Scan	Build Docker Image	2026-08-18T14:50:17.9094377Z           "reservedSpace": "9.313GiB",
Build and Security Scan	Build Docker Image	2026-08-18T14:50:17.9094873Z           "maxUsedSpace": "93.13GiB",
Build and Security Scan	Build Docker Image	2026-08-18T14:50:17.9095368Z           "minFreeSpace": "27.01GiB"
Build and Security Scan	Build Docker Image	2026-08-18T14:50:17.9095793Z         },
Build and Security Scan	Build Docker Image	2026-08-18T14:50:17.9096098Z         {
Build and Security Scan	Build Docker Image	2026-08-18T14:50:17.9096403Z           "all": false,
Build and Security Scan	Build Docker Image	2026-08-18T14:50:17.9096781Z           "reservedSpace": "9.313GiB",
Build and Security Scan	Build Docker Image	2026-08-18T14:50:17.9097737Z           "maxUsedSpace": "93.13GiB",
Build and Security Scan	Build Docker Image	2026-08-18T14:50:17.9098244Z           "minFreeSpace": "27.01GiB"
Build and Security Scan	Build Docker Image	2026-08-18T14:50:17.9098675Z         },
Build and Security Scan	Build Docker Image	2026-08-18T14:50:17.9099012Z         {
Build and Security Scan	Build Docker Image	2026-08-18T14:50:17.9099321Z           "all": true,
Build and Security Scan	Build Docker Image	2026-08-18T14:50:17.9099704Z           "reservedSpace": "9.313GiB",
Build and Security Scan	Build Docker Image	2026-08-18T14:50:17.9100212Z           "maxUsedSpace": "93.13GiB",
Build and Security Scan	Build Docker Image	2026-08-18T14:50:17.9100662Z           "minFreeSpace": "27.01GiB"
Build and Security Scan	Build Docker Image	2026-08-18T14:50:17.9101082Z         }
Build and Security Scan	Build Docker Image	2026-08-18T14:50:17.9101392Z       ]
Build and Security Scan	Build Docker Image	2026-08-18T14:50:17.9101694Z     }
Build and Security Scan	Build Docker Image	2026-08-18T14:50:17.9101987Z   ],
Build and Security Scan	Build Docker Image	2026-08-18T14:50:17.9102656Z   "name": "builder-ef925651-3c87-4126-8eba-7034031bdca0",
Build and Security Scan	Build Docker Image	2026-08-18T14:50:17.9103269Z   "driver": "docker-container",
Build and Security Scan	Build Docker Image	2026-08-18T14:50:17.9103735Z   "lastActivity": "2026-08-18T14:50:13.000Z"
Build and Security Scan	Build Docker Image	2026-08-18T14:50:17.9104177Z }
Build and Security Scan	Build Docker Image	2026-08-18T14:50:17.9104877Z ##[endgroup]
Build and Security Scan	Build Docker Image	2026-08-18T14:50:18.0697309Z [command]/usr/bin/docker buildx build --cache-from type=gha --cache-to type=gha,mode=max --iidfile /home/runner/work/_temp/docker-actions-toolkit-mBFqJo/build-iidfile-8a008a0301.txt --tag ranjit1984/assal-kolhapuri-dryfruits-api:12456ec --load --metadata-file /home/runner/work/_temp/docker-actions-toolkit-mBFqJo/build-metadata-2f6570c893.json .
Build and Security Scan	Build Docker Image	2026-08-18T14:50:18.3567844Z #0 building with "builder-ef925651-3c87-4126-8eba-7034031bdca0" instance using docker-container driver
Build and Security Scan	Build Docker Image	2026-08-18T14:50:18.3568477Z 
Build and Security Scan	Build Docker Image	2026-08-18T14:50:18.3568627Z #1 [internal] load build definition from Dockerfile
Build and Security Scan	Build Docker Image	2026-08-18T14:50:18.3568960Z #1 transferring dockerfile: 721B done
Build and Security Scan	Build Docker Image	2026-08-18T14:50:18.3569217Z #1 DONE 0.0s
Build and Security Scan	Build Docker Image	2026-08-18T14:50:18.3569330Z 
Build and Security Scan	Build Docker Image	2026-08-18T14:50:18.3569496Z #2 [internal] load metadata for docker.io/library/node:22-alpine
Build and Security Scan	Build Docker Image	2026-08-18T14:50:18.5876801Z #2 ...
Build and Security Scan	Build Docker Image	2026-08-18T14:50:18.5877095Z 
Build and Security Scan	Build Docker Image	2026-08-18T14:50:18.5877433Z #3 [auth] library/node:pull token for registry-1.docker.io
Build and Security Scan	Build Docker Image	2026-08-18T14:50:18.5878266Z #3 DONE 0.0s
Build and Security Scan	Build Docker Image	2026-08-18T14:50:18.7379450Z 
Build and Security Scan	Build Docker Image	2026-08-18T14:50:18.7379858Z #2 [internal] load metadata for docker.io/library/node:22-alpine
Build and Security Scan	Build Docker Image	2026-08-18T14:50:19.0691301Z #2 DONE 0.9s
Build and Security Scan	Build Docker Image	2026-08-18T14:50:19.2390818Z 
Build and Security Scan	Build Docker Image	2026-08-18T14:50:19.2391066Z #4 [internal] load .dockerignore
Build and Security Scan	Build Docker Image	2026-08-18T14:50:19.2391772Z #4 transferring context: 204B done
Build and Security Scan	Build Docker Image	2026-08-18T14:50:19.2392541Z #4 DONE 0.0s
Build and Security Scan	Build Docker Image	2026-08-18T14:50:19.2392756Z 
Build and Security Scan	Build Docker Image	2026-08-18T14:50:19.2392918Z #5 [internal] load build context
Build and Security Scan	Build Docker Image	2026-08-18T14:50:19.2393620Z #5 DONE 0.0s
Build and Security Scan	Build Docker Image	2026-08-18T14:50:19.2393754Z 
Build and Security Scan	Build Docker Image	2026-08-18T14:50:19.2394185Z #6 [dependencies 1/5] FROM docker.io/library/node:22-alpine@sha256:c610fcdfb1d5b4740dd70c284ed3cb16bb857e0f7166196e36a5501df7a3aa32
Build and Security Scan	Build Docker Image	2026-08-18T14:50:19.2395048Z #6 resolve docker.io/library/node:22-alpine@sha256:c610fcdfb1d5b4740dd70c284ed3cb16bb857e0f7166196e36a5501df7a3aa32 done
Build and Security Scan	Build Docker Image	2026-08-18T14:50:19.2395589Z #6 DONE 0.0s
Build and Security Scan	Build Docker Image	2026-08-18T14:50:19.2395703Z 
Build and Security Scan	Build Docker Image	2026-08-18T14:50:19.2395854Z #7 importing cache manifest from gha:15034306701225949676
Build and Security Scan	Build Docker Image	2026-08-18T14:50:19.5801231Z #7 DONE 0.5s
Build and Security Scan	Build Docker Image	2026-08-18T14:50:19.7774428Z 
Build and Security Scan	Build Docker Image	2026-08-18T14:50:19.7774718Z #5 [internal] load build context
Build and Security Scan	Build Docker Image	2026-08-18T14:50:19.7776132Z #5 transferring context: 4.20MB 0.0s done
Build and Security Scan	Build Docker Image	2026-08-18T14:50:19.7776662Z #5 DONE 0.0s
Build and Security Scan	Build Docker Image	2026-08-18T14:50:19.7776879Z 
Build and Security Scan	Build Docker Image	2026-08-18T14:50:19.7777071Z #8 [dependencies 5/5] RUN npm ci --omit=dev
Build and Security Scan	Build Docker Image	2026-08-18T14:50:19.7777565Z #8 CACHED
Build and Security Scan	Build Docker Image	2026-08-18T14:50:19.7777758Z 
Build and Security Scan	Build Docker Image	2026-08-18T14:50:19.7778010Z #9 [dependencies 4/5] COPY package*.json ./
Build and Security Scan	Build Docker Image	2026-08-18T14:50:19.7778429Z #9 CACHED
Build and Security Scan	Build Docker Image	2026-08-18T14:50:19.7778571Z 
Build and Security Scan	Build Docker Image	2026-08-18T14:50:19.7778718Z #10 [production  8/10] COPY server.js ./
Build and Security Scan	Build Docker Image	2026-08-18T14:50:19.7779095Z #10 CACHED
Build and Security Scan	Build Docker Image	2026-08-18T14:50:19.7779239Z 
Build and Security Scan	Build Docker Image	2026-08-18T14:50:19.7779395Z #11 [production  4/10] COPY package*.json ./
Build and Security Scan	Build Docker Image	2026-08-18T14:50:19.7779771Z #11 CACHED
Build and Security Scan	Build Docker Image	2026-08-18T14:50:19.7779911Z 
Build and Security Scan	Build Docker Image	2026-08-18T14:50:19.7780061Z #12 [production  5/10] COPY prisma ./prisma
Build and Security Scan	Build Docker Image	2026-08-18T14:50:19.7780432Z #12 CACHED
Build and Security Scan	Build Docker Image	2026-08-18T14:50:19.7780572Z 
Build and Security Scan	Build Docker Image	2026-08-18T14:50:19.7780711Z #13 [dependencies 3/5] WORKDIR /app
Build and Security Scan	Build Docker Image	2026-08-18T14:50:19.7781039Z #13 CACHED
Build and Security Scan	Build Docker Image	2026-08-18T14:50:19.7781164Z 
Build and Security Scan	Build Docker Image	2026-08-18T14:50:19.7781284Z #14 [production  2/10] WORKDIR /app
Build and Security Scan	Build Docker Image	2026-08-18T14:50:19.7781587Z #14 CACHED
Build and Security Scan	Build Docker Image	2026-08-18T14:50:19.7781712Z 
Build and Security Scan	Build Docker Image	2026-08-18T14:50:19.7781983Z #15 [production  3/10] COPY --from=dependencies /app/node_modules ./node_modules
Build and Security Scan	Build Docker Image	2026-08-18T14:50:19.7782776Z #15 CACHED
Build and Security Scan	Build Docker Image	2026-08-18T14:50:19.7782922Z 
Build and Security Scan	Build Docker Image	2026-08-18T14:50:19.7783074Z #16 [production  6/10] COPY prisma.config.ts ./
Build and Security Scan	Build Docker Image	2026-08-18T14:50:19.7783444Z #16 CACHED
Build and Security Scan	Build Docker Image	2026-08-18T14:50:19.7783579Z 
Build and Security Scan	Build Docker Image	2026-08-18T14:50:19.7783718Z #17 [production  9/10] RUN npx prisma generate
Build and Security Scan	Build Docker Image	2026-08-18T14:50:19.7784068Z #17 CACHED
Build and Security Scan	Build Docker Image	2026-08-18T14:50:19.7784200Z 
Build and Security Scan	Build Docker Image	2026-08-18T14:50:19.7784370Z #18 [dependencies 2/5] RUN npm install -g npm@11.19.0
Build and Security Scan	Build Docker Image	2026-08-18T14:50:19.7784748Z #18 CACHED
Build and Security Scan	Build Docker Image	2026-08-18T14:50:19.7784883Z 
Build and Security Scan	Build Docker Image	2026-08-18T14:50:19.7785014Z #19 [production  7/10] COPY public ./public
Build and Security Scan	Build Docker Image	2026-08-18T14:50:19.7785352Z #19 CACHED
Build and Security Scan	Build Docker Image	2026-08-18T14:50:19.7785482Z 
Build and Security Scan	Build Docker Image	2026-08-18T14:50:19.7785860Z #20 [production 10/10] RUN rm -rf /usr/local/lib/node_modules/npm     /usr/local/bin/npm     /usr/local/bin/npx
Build and Security Scan	Build Docker Image	2026-08-18T14:50:19.9505844Z #20 CACHED
Build and Security Scan	Build Docker Image	2026-08-18T14:50:20.1131399Z 
Build and Security Scan	Build Docker Image	2026-08-18T14:50:20.1131772Z #21 exporting to docker image format
Build and Security Scan	Build Docker Image	2026-08-18T14:50:20.1132661Z #21 exporting layers done
Build and Security Scan	Build Docker Image	2026-08-18T14:50:20.1133314Z #21 exporting manifest sha256:488e86114da5898f3b618339938ec051940df14c640ed6666f20eee693317618 done
Build and Security Scan	Build Docker Image	2026-08-18T14:50:20.1134260Z #21 exporting config sha256:94f97a6956d0115fe2eb0e1acda56592836b64fce7cb88c27c901c8d17ff0315 done
Build and Security Scan	Build Docker Image	2026-08-18T14:50:25.1009081Z #21 ...
Build and Security Scan	Build Docker Image	2026-08-18T14:50:25.1009399Z 
Build and Security Scan	Build Docker Image	2026-08-18T14:50:25.1009850Z #20 [production 10/10] RUN rm -rf /usr/local/lib/node_modules/npm     /usr/local/bin/npm     /usr/local/bin/npx
Build and Security Scan	Build Docker Image	2026-08-18T14:50:25.1011020Z #20 sha256:711321494fcf6be056a48bdcf66b1ae06292ef57e3789a976022419c1d784eaf 95.84MB / 95.84MB 4.9s done
Build and Security Scan	Build Docker Image	2026-08-18T14:50:25.1012248Z #20 sha256:93fc0ed667f4cf6d24ec582d96f2bf9ac8974f373b9382e0a808142da8780b44 828B / 828B 0.3s done
Build and Security Scan	Build Docker Image	2026-08-18T14:50:25.1013600Z #20 sha256:fb9b88ce5c00032fccaca3296ebd0f65611a9d15b0f81c24b0280d7904f8d121 907B / 907B 1.1s done
Build and Security Scan	Build Docker Image	2026-08-18T14:50:25.1014317Z #20 sha256:8072cec31b324c4af379eb2ef198bd1f3e98367176d871cf98fb3f6a9ed96d7b 3.82MB / 3.82MB 1.1s done
Build and Security Scan	Build Docker Image	2026-08-18T14:50:25.1015646Z #20 sha256:c5d6957c2c039236b5a8a563504d196487e45387611de7f2c241788eb7594d9c 69.56kB / 69.56kB 0.4s done
Build and Security Scan	Build Docker Image	2026-08-18T14:50:25.1016837Z #20 sha256:16da5a6403776464b5bf551ef294de57da242eac594527ea551a46e7f76ac2d6 445B / 445B 0.3s done
Build and Security Scan	Build Docker Image	2026-08-18T14:50:25.1018198Z #20 sha256:08f50de175c70ce43db76ffa7056cdb7d3b092d122eda1a06ae0233d8ec55174 3.47MB / 3.47MB 1.2s done
Build and Security Scan	Build Docker Image	2026-08-18T14:50:25.1019303Z #20 sha256:2a4adff9415c81ac709c2e5deda616c223dbe7a312d62af4301acc349eefccf9 93B / 93B 0.3s done
Build and Security Scan	Build Docker Image	2026-08-18T14:50:25.1020364Z #20 sha256:55afa1ecc21d2bb5e5045f32dafee56272ffd89860bac26f6c32123439af26a4 3.85MB / 3.85MB 1.2s done
Build and Security Scan	Build Docker Image	2026-08-18T14:50:25.1021617Z #20 sha256:efbef6f9e333972a10ca323e700496a64e7ddcc3a6725e6afbbae52e690f4a4a 52.63MB / 52.63MB 3.7s done
Build and Security Scan	Build Docker Image	2026-08-18T14:50:25.1023132Z #20 sha256:25bc22a0560e0ef4e3fcc7d928bfe88ae5b5b1c87dc44ee85c5895d05b0ad447 236B / 236B 0.2s done
Build and Security Scan	Build Docker Image	2026-08-18T14:50:25.1024672Z #20 sha256:a2980c1fee17dfd6263234b253955e0e9d5f38d47c0e71c001139897134899d0 1.26MB / 1.26MB 0.9s done
Build and Security Scan	Build Docker Image	2026-08-18T14:50:25.1025724Z #20 sha256:81e7b60cb41cb68dbd91ef046f5b4b40dc81ec907e92e3326b83512b61a84fde 374B / 374B 0.1s done
Build and Security Scan	Build Docker Image	2026-08-18T14:50:25.1026507Z #20 DONE 5.5s
Build and Security Scan	Build Docker Image	2026-08-18T14:50:25.2535741Z 
Build and Security Scan	Build Docker Image	2026-08-18T14:50:25.2536313Z #21 exporting to docker image format
Build and Security Scan	Build Docker Image	2026-08-18T14:50:25.2536863Z #21 sending tarball
Build and Security Scan	Build Docker Image	2026-08-18T14:50:30.7695940Z #21 ...
Build and Security Scan	Build Docker Image	2026-08-18T14:50:30.7696976Z 
Build and Security Scan	Build Docker Image	2026-08-18T14:50:30.7697158Z #22 importing to docker
Build and Security Scan	Build Docker Image	2026-08-18T14:50:30.7697972Z #22 loading layer 5654eeaf0464 557.06kB / 52.63MB
Build and Security Scan	Build Docker Image	2026-08-18T14:50:30.7698827Z #22 loading layer fe2c6446e3d9 32.77kB / 1.26MB
Build and Security Scan	Build Docker Image	2026-08-18T14:50:30.7705576Z #22 loading layer baf2266664ba 445B / 445B
Build and Security Scan	Build Docker Image	2026-08-18T14:50:30.7706133Z #22 loading layer 639d2ed1d31a 93B / 93B
Build and Security Scan	Build Docker Image	2026-08-18T14:50:30.7706646Z #22 loading layer 234e85320783 71.86MB / 95.84MB 2.1s
Build and Security Scan	Build Docker Image	2026-08-18T14:50:32.3860174Z #22 loading layer 0ffdfd25c4c1 32.77kB / 69.56kB
Build and Security Scan	Build Docker Image	2026-08-18T14:50:32.6008125Z #22 loading layer c4e87be9bd0d 907B / 907B
Build and Security Scan	Build Docker Image	2026-08-18T14:50:32.6008790Z #22 loading layer 354d8202fc27 374B / 374B
Build and Security Scan	Build Docker Image	2026-08-18T14:50:32.6009307Z #22 loading layer 8439655d73f6 65.54kB / 3.82MB
Build and Security Scan	Build Docker Image	2026-08-18T14:50:32.6009677Z #22 loading layer 50ffdbec5fd7 828B / 828B
Build and Security Scan	Build Docker Image	2026-08-18T14:50:32.6010191Z #22 loading layer b3e5e8f6053d 65.54kB / 3.47MB
Build and Security Scan	Build Docker Image	2026-08-18T14:50:32.6591714Z #22 loading layer 53655520741a 236B / 236B
Build and Security Scan	Build Docker Image	2026-08-18T14:50:33.0097878Z #22 loading layer 53655520741a 236B / 236B 0.4s done
Build and Security Scan	Build Docker Image	2026-08-18T14:50:33.1617290Z #22 loading layer 5654eeaf0464 52.63MB / 52.63MB 7.1s done
Build and Security Scan	Build Docker Image	2026-08-18T14:50:33.1618130Z #22 loading layer fe2c6446e3d9 1.26MB / 1.26MB 5.3s done
Build and Security Scan	Build Docker Image	2026-08-18T14:50:33.1618924Z #22 loading layer baf2266664ba 445B / 445B 5.3s done
Build and Security Scan	Build Docker Image	2026-08-18T14:50:33.1619502Z #22 loading layer 639d2ed1d31a 93B / 93B 5.2s done
Build and Security Scan	Build Docker Image	2026-08-18T14:50:33.1620058Z #22 loading layer 234e85320783 95.84MB / 95.84MB 5.2s done
Build and Security Scan	Build Docker Image	2026-08-18T14:50:33.1620889Z #22 loading layer 0ffdfd25c4c1 69.56kB / 69.56kB 0.6s done
Build and Security Scan	Build Docker Image	2026-08-18T14:50:33.1621627Z #22 loading layer c4e87be9bd0d 907B / 907B 0.6s done
Build and Security Scan	Build Docker Image	2026-08-18T14:50:33.1622573Z #22 loading layer 354d8202fc27 374B / 374B 0.6s done
Build and Security Scan	Build Docker Image	2026-08-18T14:50:33.1623226Z #22 loading layer 8439655d73f6 3.82MB / 3.82MB 0.6s done
Build and Security Scan	Build Docker Image	2026-08-18T14:50:33.1623836Z #22 loading layer 50ffdbec5fd7 828B / 828B 0.6s done
Build and Security Scan	Build Docker Image	2026-08-18T14:50:33.1624303Z #22 loading layer b3e5e8f6053d 3.47MB / 3.47MB 0.6s done
Build and Security Scan	Build Docker Image	2026-08-18T14:50:33.1624826Z #22 DONE 7.1s
Build and Security Scan	Build Docker Image	2026-08-18T14:50:33.1625024Z 
Build and Security Scan	Build Docker Image	2026-08-18T14:50:33.1625211Z #21 exporting to docker image format
Build and Security Scan	Build Docker Image	2026-08-18T14:50:33.1625642Z #21 sending tarball 7.9s done
Build and Security Scan	Build Docker Image	2026-08-18T14:50:33.1626023Z #21 DONE 13.1s
Build and Security Scan	Build Docker Image	2026-08-18T14:50:33.1626212Z 
Build and Security Scan	Build Docker Image	2026-08-18T14:50:33.1626380Z #23 exporting to GitHub Actions Cache
Build and Security Scan	Build Docker Image	2026-08-18T14:50:33.1626736Z #23 preparing build cache for export
Build and Security Scan	Build Docker Image	2026-08-18T14:50:33.1703946Z #23 preparing build cache for export 0.2s done
Build and Security Scan	Build Docker Image	2026-08-18T14:50:33.1704479Z #23 sending cache export
Build and Security Scan	Build Docker Image	2026-08-18T14:50:35.2938777Z #23 sending cache export 2.1s done
Build and Security Scan	Build Docker Image	2026-08-18T14:50:35.2942092Z #23 DONE 2.3s
Build and Security Scan	Build Docker Image	2026-08-18T14:50:35.3177323Z 
Build and Security Scan	Build Docker Image	2026-08-18T14:50:35.3177656Z #24 resolving provenance for metadata file
Build and Security Scan	Build Docker Image	2026-08-18T14:50:35.3178055Z #24 DONE 0.0s
Build and Security Scan	Build Docker Image	2026-08-18T14:50:35.3324216Z ##[group]ImageID
Build and Security Scan	Build Docker Image	2026-08-18T14:50:35.3324855Z sha256:94f97a6956d0115fe2eb0e1acda56592836b64fce7cb88c27c901c8d17ff0315
Build and Security Scan	Build Docker Image	2026-08-18T14:50:35.3326214Z ##[endgroup]
Build and Security Scan	Build Docker Image	2026-08-18T14:50:35.3326805Z ##[group]Digest
Build and Security Scan	Build Docker Image	2026-08-18T14:50:35.3327409Z sha256:488e86114da5898f3b618339938ec051940df14c640ed6666f20eee693317618
Build and Security Scan	Build Docker Image	2026-08-18T14:50:35.3328467Z ##[endgroup]
Build and Security Scan	Build Docker Image	2026-08-18T14:50:35.3329086Z ##[group]Metadata
Build and Security Scan	Build Docker Image	2026-08-18T14:50:35.3329465Z {
Build and Security Scan	Build Docker Image	2026-08-18T14:50:35.3329799Z   "buildx.build.provenance": {
Build and Security Scan	Build Docker Image	2026-08-18T14:50:35.3330224Z     "builder": {
Build and Security Scan	Build Docker Image	2026-08-18T14:50:35.3330565Z       "id": ""
Build and Security Scan	Build Docker Image	2026-08-18T14:50:35.3330889Z     },
Build and Security Scan	Build Docker Image	2026-08-18T14:50:35.3331412Z     "buildType": "https://mobyproject.org/buildkit@v1",
Build and Security Scan	Build Docker Image	2026-08-18T14:50:35.3332603Z     "materials": [
Build and Security Scan	Build Docker Image	2026-08-18T14:50:35.3332977Z       {
Build and Security Scan	Build Docker Image	2026-08-18T14:50:35.3333456Z         "uri": "pkg:docker/node@22-alpine?platform=linux%2Famd64",
Build and Security Scan	Build Docker Image	2026-08-18T14:50:35.3334012Z         "digest": {
Build and Security Scan	Build Docker Image	2026-08-18T14:50:35.3334540Z           "sha256": "c610fcdfb1d5b4740dd70c284ed3cb16bb857e0f7166196e36a5501df7a3aa32"
Build and Security Scan	Build Docker Image	2026-08-18T14:50:35.3335217Z         }
Build and Security Scan	Build Docker Image	2026-08-18T14:50:35.3335538Z       }
Build and Security Scan	Build Docker Image	2026-08-18T14:50:35.3335860Z     ],
Build and Security Scan	Build Docker Image	2026-08-18T14:50:35.3336190Z     "invocation": {
Build and Security Scan	Build Docker Image	2026-08-18T14:50:35.3336563Z       "configSource": {
Build and Security Scan	Build Docker Image	2026-08-18T14:50:35.3336965Z         "entryPoint": "Dockerfile"
Build and Security Scan	Build Docker Image	2026-08-18T14:50:35.3337452Z       },
Build and Security Scan	Build Docker Image	2026-08-18T14:50:35.3337784Z       "parameters": {
Build and Security Scan	Build Docker Image	2026-08-18T14:50:35.3338171Z         "frontend": "dockerfile.v0",
Build and Security Scan	Build Docker Image	2026-08-18T14:50:35.3338597Z         "locals": [
Build and Security Scan	Build Docker Image	2026-08-18T14:50:35.3338905Z           {
Build and Security Scan	Build Docker Image	2026-08-18T14:50:35.3339273Z             "name": "context"
Build and Security Scan	Build Docker Image	2026-08-18T14:50:35.3339635Z           },
Build and Security Scan	Build Docker Image	2026-08-18T14:50:35.3339991Z           {
Build and Security Scan	Build Docker Image	2026-08-18T14:50:35.3340339Z             "name": "dockerfile"
Build and Security Scan	Build Docker Image	2026-08-18T14:50:35.3340704Z           }
Build and Security Scan	Build Docker Image	2026-08-18T14:50:35.3341042Z         ],
Build and Security Scan	Build Docker Image	2026-08-18T14:50:35.3341357Z         "root": {
Build and Security Scan	Build Docker Image	2026-08-18T14:50:35.3341788Z           "configSource": {
Build and Security Scan	Build Docker Image	2026-08-18T14:50:35.3356390Z             "path": "Dockerfile"
Build and Security Scan	Build Docker Image	2026-08-18T14:50:35.3356877Z           },
Build and Security Scan	Build Docker Image	2026-08-18T14:50:35.3357224Z           "request": {
Build and Security Scan	Build Docker Image	2026-08-18T14:50:35.3357584Z             "args": {
Build and Security Scan	Build Docker Image	2026-08-18T14:50:35.3357988Z               "vcs:localdir:context": ".",
Build and Security Scan	Build Docker Image	2026-08-18T14:50:35.3358495Z               "vcs:localdir:dockerfile": ".",
Build and Security Scan	Build Docker Image	2026-08-18T14:50:35.3359157Z               "vcs:revision": "12456ecdaea099b2c82fc27ba9224ccd4a8de418",
Build and Security Scan	Build Docker Image	2026-08-18T14:50:35.3359966Z               "vcs:source": "https://github.com/RanjitGaingade/assal-kolhapuri-dryfruits"
Build and Security Scan	Build Docker Image	2026-08-18T14:50:35.3360668Z             }
Build and Security Scan	Build Docker Image	2026-08-18T14:50:35.3360971Z           }
Build and Security Scan	Build Docker Image	2026-08-18T14:50:35.3361257Z         },
Build and Security Scan	Build Docker Image	2026-08-18T14:50:35.3361610Z         "compatibilityVersion": 30
Build and Security Scan	Build Docker Image	2026-08-18T14:50:35.3362011Z       },
Build and Security Scan	Build Docker Image	2026-08-18T14:50:35.3362534Z       "environment": {
Build and Security Scan	Build Docker Image	2026-08-18T14:50:35.3362915Z         "dockerfileVersion": "1.26.0",
Build and Security Scan	Build Docker Image	2026-08-18T14:50:35.3363361Z         "github_actor": "RanjitGaingade",
Build and Security Scan	Build Docker Image	2026-08-18T14:50:35.3363802Z         "github_actor_id": "313410174",
Build and Security Scan	Build Docker Image	2026-08-18T14:50:35.3364227Z         "github_event_name": "push",
Build and Security Scan	Build Docker Image	2026-08-18T14:50:35.3364663Z         "github_event_payload": {
Build and Security Scan	Build Docker Image	2026-08-18T14:50:35.3365229Z           "after": "12456ecdaea099b2c82fc27ba9224ccd4a8de418",
Build and Security Scan	Build Docker Image	2026-08-18T14:50:35.3365855Z           "base_ref": null,
Build and Security Scan	Build Docker Image	2026-08-18T14:50:35.3366434Z           "before": "d45b42f76872c5b7b5c7277d62cabe1bc4a34d57",
Build and Security Scan	Build Docker Image	2026-08-18T14:50:35.3367097Z           "commits": [
Build and Security Scan	Build Docker Image	2026-08-18T14:50:35.3367486Z             {
Build and Security Scan	Build Docker Image	2026-08-18T14:50:35.3367816Z               "author": {
Build and Security Scan	Build Docker Image	2026-08-18T14:50:35.3368251Z                 "email": "gaingaderanjit@gmail.com",
Build and Security Scan	Build Docker Image	2026-08-18T14:50:35.3368796Z                 "name": "Ranjit Gaingade",
Build and Security Scan	Build Docker Image	2026-08-18T14:50:35.3369275Z                 "username": "RanjitGaingade"
Build and Security Scan	Build Docker Image	2026-08-18T14:50:35.3369767Z               },
Build and Security Scan	Build Docker Image	2026-08-18T14:50:35.3370115Z               "committer": {
Build and Security Scan	Build Docker Image	2026-08-18T14:50:35.3370563Z                 "email": "gaingaderanjit@gmail.com",
Build and Security Scan	Build Docker Image	2026-08-18T14:50:35.3371101Z                 "name": "Ranjit Gaingade",
Build and Security Scan	Build Docker Image	2026-08-18T14:50:35.3371577Z                 "username": "RanjitGaingade"
Build and Security Scan	Build Docker Image	2026-08-18T14:50:35.3372055Z               },
Build and Security Scan	Build Docker Image	2026-08-18T14:50:35.3372626Z               "distinct": true,
Build and Security Scan	Build Docker Image	2026-08-18T14:50:35.3373497Z               "id": "12456ecdaea099b2c82fc27ba9224ccd4a8de418",
Build and Security Scan	Build Docker Image	2026-08-18T14:50:35.3374244Z               "message": "Add SHA based deployment and smoke test",
Build and Security Scan	Build Docker Image	2026-08-18T14:50:35.3374878Z               "timestamp": "2026-08-18T20:19:31+05:30",
Build and Security Scan	Build Docker Image	2026-08-18T14:50:35.3375507Z               "tree_id": "cf7bdfd066eda60c5e0fd6f98bb80e9e355d9fa5",
Build and Security Scan	Build Docker Image	2026-08-18T14:50:35.3376641Z               "url": "https://github.com/RanjitGaingade/assal-kolhapuri-dryfruits/commit/12456ecdaea099b2c82fc27ba9224ccd4a8de418"
Build and Security Scan	Build Docker Image	2026-08-18T14:50:35.3377663Z             }
Build and Security Scan	Build Docker Image	2026-08-18T14:50:35.3378180Z           ],
Build and Security Scan	Build Docker Image	2026-08-18T14:50:35.3379022Z           "compare": "https://github.com/RanjitGaingade/assal-kolhapuri-dryfruits/compare/d45b42f76872...12456ecdaea0",
Build and Security Scan	Build Docker Image	2026-08-18T14:50:35.3379986Z           "created": false,
Build and Security Scan	Build Docker Image	2026-08-18T14:50:35.3380399Z           "deleted": false,
Build and Security Scan	Build Docker Image	2026-08-18T14:50:35.3380804Z           "forced": false,
Build and Security Scan	Build Docker Image	2026-08-18T14:50:35.3381201Z           "head_commit": {
Build and Security Scan	Build Docker Image	2026-08-18T14:50:35.3381609Z             "author": {
Build and Security Scan	Build Docker Image	2026-08-18T14:50:35.3382059Z               "email": "gaingaderanjit@gmail.com",
Build and Security Scan	Build Docker Image	2026-08-18T14:50:35.3385451Z               "name": "Ranjit Gaingade",
Build and Security Scan	Build Docker Image	2026-08-18T14:50:35.3386013Z               "username": "RanjitGaingade"
Build and Security Scan	Build Docker Image	2026-08-18T14:50:35.3386478Z             },
Build and Security Scan	Build Docker Image	2026-08-18T14:50:35.3386829Z             "committer": {
Build and Security Scan	Build Docker Image	2026-08-18T14:50:35.3387267Z               "email": "gaingaderanjit@gmail.com",
Build and Security Scan	Build Docker Image	2026-08-18T14:50:35.3387811Z               "name": "Ranjit Gaingade",
Build and Security Scan	Build Docker Image	2026-08-18T14:50:35.3388285Z               "username": "RanjitGaingade"
Build and Security Scan	Build Docker Image	2026-08-18T14:50:35.3388753Z             },
Build and Security Scan	Build Docker Image	2026-08-18T14:50:35.3389112Z             "distinct": true,
Build and Security Scan	Build Docker Image	2026-08-18T14:50:35.3389625Z             "id": "12456ecdaea099b2c82fc27ba9224ccd4a8de418",
Build and Security Scan	Build Docker Image	2026-08-18T14:50:35.3390264Z             "message": "Add SHA based deployment and smoke test",
Build and Security Scan	Build Docker Image	2026-08-18T14:50:35.3390887Z             "timestamp": "2026-08-18T20:19:31+05:30",
Build and Security Scan	Build Docker Image	2026-08-18T14:50:35.3391516Z             "tree_id": "cf7bdfd066eda60c5e0fd6f98bb80e9e355d9fa5",
Build and Security Scan	Build Docker Image	2026-08-18T14:50:35.3393056Z             "url": "https://github.com/RanjitGaingade/assal-kolhapuri-dryfruits/commit/12456ecdaea099b2c82fc27ba9224ccd4a8de418"
Build and Security Scan	Build Docker Image	2026-08-18T14:50:35.3394087Z           },
Build and Security Scan	Build Docker Image	2026-08-18T14:50:35.3394432Z           "pusher": {
Build and Security Scan	Build Docker Image	2026-08-18T14:50:35.3394867Z             "email": "gaingaderanjit@gmail.com",
Build and Security Scan	Build Docker Image	2026-08-18T14:50:35.3395408Z             "name": "RanjitGaingade"
Build and Security Scan	Build Docker Image	2026-08-18T14:50:35.3395848Z           },
Build and Security Scan	Build Docker Image	2026-08-18T14:50:35.3396204Z           "ref": "refs/heads/main",
Build and Security Scan	Build Docker Image	2026-08-18T14:50:35.3396651Z           "repository": {
Build and Security Scan	Build Docker Image	2026-08-18T14:50:35.3397076Z             "allow_forking": true,
Build and Security Scan	Build Docker Image	2026-08-18T14:50:35.3397995Z             "archive_url": "https://api.github.com/repos/RanjitGaingade/assal-kolhapuri-dryfruits/{archive_format}{/ref}",
Build and Security Scan	Build Docker Image	2026-08-18T14:50:35.3398973Z             "archived": false,
Build and Security Scan	Build Docker Image	2026-08-18T14:50:35.3399829Z             "assignees_url": "https://api.github.com/repos/RanjitGaingade/assal-kolhapuri-dryfruits/assignees{/user}",
Build and Security Scan	Build Docker Image	2026-08-18T14:50:35.3401179Z             "blobs_url": "https://api.github.com/repos/RanjitGaingade/assal-kolhapuri-dryfruits/git/blobs{/sha}",
Build and Security Scan	Build Docker Image	2026-08-18T14:50:35.3402793Z             "branches_url": "https://api.github.com/repos/RanjitGaingade/assal-kolhapuri-dryfruits/branches{/branch}",
Build and Security Scan	Build Docker Image	2026-08-18T14:50:35.3403999Z             "clone_url": "https://github.com/RanjitGaingade/assal-kolhapuri-dryfruits.git",
Build and Security Scan	Build Docker Image	2026-08-18T14:50:35.3405297Z             "collaborators_url": "https://api.github.com/repos/RanjitGaingade/assal-kolhapuri-dryfruits/collaborators{/collaborator}",
Build and Security Scan	Build Docker Image	2026-08-18T14:50:35.3406714Z             "comments_url": "https://api.github.com/repos/RanjitGaingade/assal-kolhapuri-dryfruits/comments{/number}",
Build and Security Scan	Build Docker Image	2026-08-18T14:50:35.3407922Z             "commits_url": "https://api.github.com/repos/RanjitGaingade/assal-kolhapuri-dryfruits/commits{/sha}",
Build and Security Scan	Build Docker Image	2026-08-18T14:50:35.3409348Z             "compare_url": "https://api.github.com/repos/RanjitGaingade/assal-kolhapuri-dryfruits/compare/{base}...{head}",
Build and Security Scan	Build Docker Image	2026-08-18T14:50:35.3410566Z             "contents_url": "https://api.github.com/repos/RanjitGaingade/assal-kolhapuri-dryfruits/contents/{+path}",
Build and Security Scan	Build Docker Image	2026-08-18T14:50:35.3411303Z             "contributors_url": "https://api.github.com/repos/RanjitGaingade/assal-kolhapuri-dryfruits/contributors",
Build and Security Scan	Build Docker Image	2026-08-18T14:50:35.3411803Z             "created_at": 1786289810,
Build and Security Scan	Build Docker Image	2026-08-18T14:50:35.3412057Z             "default_branch": "master",
Build and Security Scan	Build Docker Image	2026-08-18T14:50:35.3412882Z             "deployments_url": "https://api.github.com/repos/RanjitGaingade/assal-kolhapuri-dryfruits/deployments",
Build and Security Scan	Build Docker Image	2026-08-18T14:50:35.3413387Z             "description": null,
Build and Security Scan	Build Docker Image	2026-08-18T14:50:35.3413780Z             "disabled": false,
Build and Security Scan	Build Docker Image	2026-08-18T14:50:35.3414312Z             "downloads_url": "https://api.github.com/repos/RanjitGaingade/assal-kolhapuri-dryfruits/downloads",
Build and Security Scan	Build Docker Image	2026-08-18T14:50:35.3414983Z             "events_url": "https://api.github.com/repos/RanjitGaingade/assal-kolhapuri-dryfruits/events",
Build and Security Scan	Build Docker Image	2026-08-18T14:50:35.3415426Z             "fork": false,
Build and Security Scan	Build Docker Image	2026-08-18T14:50:35.3415645Z             "forks": 0,
Build and Security Scan	Build Docker Image	2026-08-18T14:50:35.3415852Z             "forks_count": 0,
Build and Security Scan	Build Docker Image	2026-08-18T14:50:35.3416252Z             "forks_url": "https://api.github.com/repos/RanjitGaingade/assal-kolhapuri-dryfruits/forks",
Build and Security Scan	Build Docker Image	2026-08-18T14:50:35.3416753Z             "full_name": "RanjitGaingade/assal-kolhapuri-dryfruits",
Build and Security Scan	Build Docker Image	2026-08-18T14:50:35.3417324Z             "git_commits_url": "https://api.github.com/repos/RanjitGaingade/assal-kolhapuri-dryfruits/git/commits{/sha}",
Build and Security Scan	Build Docker Image	2026-08-18T14:50:35.3418075Z             "git_refs_url": "https://api.github.com/repos/RanjitGaingade/assal-kolhapuri-dryfruits/git/refs{/sha}",
Build and Security Scan	Build Docker Image	2026-08-18T14:50:35.3418771Z             "git_tags_url": "https://api.github.com/repos/RanjitGaingade/assal-kolhapuri-dryfruits/git/tags{/sha}",
Build and Security Scan	Build Docker Image	2026-08-18T14:50:35.3419366Z             "git_url": "git://github.com/RanjitGaingade/assal-kolhapuri-dryfruits.git",
Build and Security Scan	Build Docker Image	2026-08-18T14:50:35.3419754Z             "has_discussions": false,
Build and Security Scan	Build Docker Image	2026-08-18T14:50:35.3420005Z             "has_downloads": true,
Build and Security Scan	Build Docker Image	2026-08-18T14:50:35.3420249Z             "has_issues": true,
Build and Security Scan	Build Docker Image	2026-08-18T14:50:35.3420473Z             "has_pages": false,
Build and Security Scan	Build Docker Image	2026-08-18T14:50:35.3420699Z             "has_projects": true,
Build and Security Scan	Build Docker Image	2026-08-18T14:50:35.3420946Z             "has_pull_requests": true,
Build and Security Scan	Build Docker Image	2026-08-18T14:50:35.3421195Z             "has_wiki": true,
Build and Security Scan	Build Docker Image	2026-08-18T14:50:35.3421415Z             "homepage": null,
Build and Security Scan	Build Docker Image	2026-08-18T14:50:35.3421815Z             "hooks_url": "https://api.github.com/repos/RanjitGaingade/assal-kolhapuri-dryfruits/hooks",
Build and Security Scan	Build Docker Image	2026-08-18T14:50:35.3422664Z             "html_url": "https://github.com/RanjitGaingade/assal-kolhapuri-dryfruits",
Build and Security Scan	Build Docker Image	2026-08-18T14:50:35.3423134Z             "id": 1328946065,
Build and Security Scan	Build Docker Image	2026-08-18T14:50:35.3423357Z             "is_template": false,
Build and Security Scan	Build Docker Image	2026-08-18T14:50:35.3423876Z             "issue_comment_url": "https://api.github.com/repos/RanjitGaingade/assal-kolhapuri-dryfruits/issues/comments{/number}",
Build and Security Scan	Build Docker Image	2026-08-18T14:50:35.3424680Z             "issue_events_url": "https://api.github.com/repos/RanjitGaingade/assal-kolhapuri-dryfruits/issues/events{/number}",
Build and Security Scan	Build Docker Image	2026-08-18T14:50:35.3425478Z             "issues_url": "https://api.github.com/repos/RanjitGaingade/assal-kolhapuri-dryfruits/issues{/number}",
Build and Security Scan	Build Docker Image	2026-08-18T14:50:35.3426403Z             "keys_url": "https://api.github.com/repos/RanjitGaingade/assal-kolhapuri-dryfruits/keys{/key_id}",
Build and Security Scan	Build Docker Image	2026-08-18T14:50:35.3427077Z             "labels_url": "https://api.github.com/repos/RanjitGaingade/assal-kolhapuri-dryfruits/labels{/name}",
Build and Security Scan	Build Docker Image	2026-08-18T14:50:35.3427555Z             "language": "JavaScript",
Build and Security Scan	Build Docker Image	2026-08-18T14:50:35.3428006Z             "languages_url": "https://api.github.com/repos/RanjitGaingade/assal-kolhapuri-dryfruits/languages",
Build and Security Scan	Build Docker Image	2026-08-18T14:50:35.3428485Z             "license": null,
Build and Security Scan	Build Docker Image	2026-08-18T14:50:35.3428723Z             "master_branch": "master",
Build and Security Scan	Build Docker Image	2026-08-18T14:50:35.3429157Z             "merges_url": "https://api.github.com/repos/RanjitGaingade/assal-kolhapuri-dryfruits/merges",
Build and Security Scan	Build Docker Image	2026-08-18T14:50:35.3429856Z             "milestones_url": "https://api.github.com/repos/RanjitGaingade/assal-kolhapuri-dryfruits/milestones{/number}",
Build and Security Scan	Build Docker Image	2026-08-18T14:50:35.3430675Z             "mirror_url": null,
Build and Security Scan	Build Docker Image	2026-08-18T14:50:35.3430934Z             "name": "assal-kolhapuri-dryfruits",
Build and Security Scan	Build Docker Image	2026-08-18T14:50:35.3431221Z             "node_id": "R_kgDOTzYbkQ",
Build and Security Scan	Build Docker Image	2026-08-18T14:50:35.3431816Z             "notifications_url": "https://api.github.com/repos/RanjitGaingade/assal-kolhapuri-dryfruits/notifications{?since,all,participating}",
Build and Security Scan	Build Docker Image	2026-08-18T14:50:35.3433346Z             "open_issues": 0,
Build and Security Scan	Build Docker Image	2026-08-18T14:50:35.3433625Z             "open_issues_count": 0,
Build and Security Scan	Build Docker Image	2026-08-18T14:50:35.3433989Z             "owner": {
Build and Security Scan	Build Docker Image	2026-08-18T14:50:35.3434789Z               "avatar_url": "https://avatars.githubusercontent.com/u/313410174?v=4",
Build and Security Scan	Build Docker Image	2026-08-18T14:50:35.3435321Z               "email": "gaingaderanjit@gmail.com",
Build and Security Scan	Build Docker Image	2026-08-18T14:50:35.3435749Z               "events_url": "https://api.github.com/users/RanjitGaingade/events{/privacy}",
Build and Security Scan	Build Docker Image	2026-08-18T14:50:35.3436265Z               "followers_url": "https://api.github.com/users/RanjitGaingade/followers",
Build and Security Scan	Build Docker Image	2026-08-18T14:50:35.3436813Z               "following_url": "https://api.github.com/users/RanjitGaingade/following{/other_user}",
Build and Security Scan	Build Docker Image	2026-08-18T14:50:35.3437370Z               "gists_url": "https://api.github.com/users/RanjitGaingade/gists{/gist_id}",
Build and Security Scan	Build Docker Image	2026-08-18T14:50:35.3437758Z               "gravatar_id": "",
Build and Security Scan	Build Docker Image	2026-08-18T14:50:35.3438044Z               "html_url": "https://github.com/RanjitGaingade",
Build and Security Scan	Build Docker Image	2026-08-18T14:50:35.3438347Z               "id": 313410174,
Build and Security Scan	Build Docker Image	2026-08-18T14:50:35.3438587Z               "login": "RanjitGaingade",
Build and Security Scan	Build Docker Image	2026-08-18T14:50:35.3438852Z               "name": "RanjitGaingade",
Build and Security Scan	Build Docker Image	2026-08-18T14:50:35.3439115Z               "node_id": "U_kgDOEq5Cfg",
Build and Security Scan	Build Docker Image	2026-08-18T14:50:35.3439487Z               "organizations_url": "https://api.github.com/users/RanjitGaingade/orgs",
Build and Security Scan	Build Docker Image	2026-08-18T14:50:35.3440042Z               "received_events_url": "https://api.github.com/users/RanjitGaingade/received_events",
Build and Security Scan	Build Docker Image	2026-08-18T14:50:35.3440555Z               "repos_url": "https://api.github.com/users/RanjitGaingade/repos",
Build and Security Scan	Build Docker Image	2026-08-18T14:50:35.3440930Z               "site_admin": false,
Build and Security Scan	Build Docker Image	2026-08-18T14:50:35.3441318Z               "starred_url": "https://api.github.com/users/RanjitGaingade/starred{/owner}{/repo}",
Build and Security Scan	Build Docker Image	2026-08-18T14:50:35.3441880Z               "subscriptions_url": "https://api.github.com/users/RanjitGaingade/subscriptions",
Build and Security Scan	Build Docker Image	2026-08-18T14:50:35.3442650Z               "type": "User",
Build and Security Scan	Build Docker Image	2026-08-18T14:50:35.3443016Z               "url": "https://api.github.com/users/RanjitGaingade",
Build and Security Scan	Build Docker Image	2026-08-18T14:50:35.3443361Z               "user_view_type": "public"
Build and Security Scan	Build Docker Image	2026-08-18T14:50:35.3443609Z             },
Build and Security Scan	Build Docker Image	2026-08-18T14:50:35.3443808Z             "private": false,
Build and Security Scan	Build Docker Image	2026-08-18T14:50:35.3444058Z             "pull_request_creation_policy": "all",
Build and Security Scan	Build Docker Image	2026-08-18T14:50:35.3444674Z             "pulls_url": "https://api.github.com/repos/RanjitGaingade/assal-kolhapuri-dryfruits/pulls{/number}",
Build and Security Scan	Build Docker Image	2026-08-18T14:50:35.3445162Z             "pushed_at": 1787064573,
Build and Security Scan	Build Docker Image	2026-08-18T14:50:35.3445651Z             "releases_url": "https://api.github.com/repos/RanjitGaingade/assal-kolhapuri-dryfruits/releases{/id}",
Build and Security Scan	Build Docker Image	2026-08-18T14:50:35.3446138Z             "size": 3981,
Build and Security Scan	Build Docker Image	2026-08-18T14:50:35.3446471Z             "ssh_url": "git@github.com:RanjitGaingade/assal-kolhapuri-dryfruits.git",
Build and Security Scan	Build Docker Image	2026-08-18T14:50:35.3446854Z             "stargazers": 0,
Build and Security Scan	Build Docker Image	2026-08-18T14:50:35.3447084Z             "stargazers_count": 0,
Build and Security Scan	Build Docker Image	2026-08-18T14:50:35.3447540Z             "stargazers_url": "https://api.github.com/repos/RanjitGaingade/assal-kolhapuri-dryfruits/stargazers",
Build and Security Scan	Build Docker Image	2026-08-18T14:50:35.3448236Z             "statuses_url": "https://api.github.com/repos/RanjitGaingade/assal-kolhapuri-dryfruits/statuses/{sha}",
Build and Security Scan	Build Docker Image	2026-08-18T14:50:35.3448939Z             "subscribers_url": "https://api.github.com/repos/RanjitGaingade/assal-kolhapuri-dryfruits/subscribers",
Build and Security Scan	Build Docker Image	2026-08-18T14:50:35.3449649Z             "subscription_url": "https://api.github.com/repos/RanjitGaingade/assal-kolhapuri-dryfruits/subscription",
Build and Security Scan	Build Docker Image	2026-08-18T14:50:35.3450254Z             "svn_url": "https://github.com/RanjitGaingade/assal-kolhapuri-dryfruits",
Build and Security Scan	Build Docker Image	2026-08-18T14:50:35.3450980Z             "tags_url": "https://api.github.com/repos/RanjitGaingade/assal-kolhapuri-dryfruits/tags",
Build and Security Scan	Build Docker Image	2026-08-18T14:50:35.3451619Z             "teams_url": "https://api.github.com/repos/RanjitGaingade/assal-kolhapuri-dryfruits/teams",
Build and Security Scan	Build Docker Image	2026-08-18T14:50:35.3452057Z             "topics": [],
Build and Security Scan	Build Docker Image	2026-08-18T14:50:35.3452841Z             "trees_url": "https://api.github.com/repos/RanjitGaingade/assal-kolhapuri-dryfruits/git/trees{/sha}",
Build and Security Scan	Build Docker Image	2026-08-18T14:50:35.3453725Z             "updated_at": "2026-08-09T16:02:34Z",
Build and Security Scan	Build Docker Image	2026-08-18T14:50:35.3454423Z             "url": "https://api.github.com/repos/RanjitGaingade/assal-kolhapuri-dryfruits",
Build and Security Scan	Build Docker Image	2026-08-18T14:50:35.3455224Z             "visibility": "public",
Build and Security Scan	Build Docker Image	2026-08-18T14:50:35.3455565Z             "watchers": 0,
Build and Security Scan	Build Docker Image	2026-08-18T14:50:35.3455787Z             "watchers_count": 0,
Build and Security Scan	Build Docker Image	2026-08-18T14:50:35.3456037Z             "web_commit_signoff_required": false
Build and Security Scan	Build Docker Image	2026-08-18T14:50:35.3456295Z           },
Build and Security Scan	Build Docker Image	2026-08-18T14:50:35.3456481Z           "sender": {
Build and Security Scan	Build Docker Image	2026-08-18T14:50:35.3456797Z             "avatar_url": "https://avatars.githubusercontent.com/u/313410174?v=4",
Build and Security Scan	Build Docker Image	2026-08-18T14:50:35.3457301Z             "events_url": "https://api.github.com/users/RanjitGaingade/events{/privacy}",
Build and Security Scan	Build Docker Image	2026-08-18T14:50:35.3457800Z             "followers_url": "https://api.github.com/users/RanjitGaingade/followers",
Build and Security Scan	Build Docker Image	2026-08-18T14:50:35.3458331Z             "following_url": "https://api.github.com/users/RanjitGaingade/following{/other_user}",
Build and Security Scan	Build Docker Image	2026-08-18T14:50:35.3458856Z             "gists_url": "https://api.github.com/users/RanjitGaingade/gists{/gist_id}",
Build and Security Scan	Build Docker Image	2026-08-18T14:50:35.3459239Z             "gravatar_id": "",
Build and Security Scan	Build Docker Image	2026-08-18T14:50:35.3459510Z             "html_url": "https://github.com/RanjitGaingade",
Build and Security Scan	Build Docker Image	2026-08-18T14:50:35.3459806Z             "id": 313410174,
Build and Security Scan	Build Docker Image	2026-08-18T14:50:35.3460028Z             "login": "RanjitGaingade",
Build and Security Scan	Build Docker Image	2026-08-18T14:50:35.3460278Z             "node_id": "U_kgDOEq5Cfg",
Build and Security Scan	Build Docker Image	2026-08-18T14:50:35.3460671Z             "organizations_url": "https://api.github.com/users/RanjitGaingade/orgs",
Build and Security Scan	Build Docker Image	2026-08-18T14:50:35.3461212Z             "received_events_url": "https://api.github.com/users/RanjitGaingade/received_events",
Build and Security Scan	Build Docker Image	2026-08-18T14:50:35.3461736Z             "repos_url": "https://api.github.com/users/RanjitGaingade/repos",
Build and Security Scan	Build Docker Image	2026-08-18T14:50:35.3462219Z             "site_admin": false,
Build and Security Scan	Build Docker Image	2026-08-18T14:50:35.3463231Z             "starred_url": "https://api.github.com/users/RanjitGaingade/starred{/owner}{/repo}",
Build and Security Scan	Build Docker Image	2026-08-18T14:50:35.3464275Z             "subscriptions_url": "https://api.github.com/users/RanjitGaingade/subscriptions",
Build and Security Scan	Build Docker Image	2026-08-18T14:50:35.3464735Z             "type": "User",
Build and Security Scan	Build Docker Image	2026-08-18T14:50:35.3465019Z             "url": "https://api.github.com/users/RanjitGaingade",
Build and Security Scan	Build Docker Image	2026-08-18T14:50:35.3465350Z             "user_view_type": "public"
Build and Security Scan	Build Docker Image	2026-08-18T14:50:35.3465592Z           }
Build and Security Scan	Build Docker Image	2026-08-18T14:50:35.3465769Z         },
Build and Security Scan	Build Docker Image	2026-08-18T14:50:35.3465956Z         "github_job": "security",
Build and Security Scan	Build Docker Image	2026-08-18T14:50:35.3466202Z         "github_ref": "refs/heads/main",
Build and Security Scan	Build Docker Image	2026-08-18T14:50:35.3466471Z         "github_ref_name": "main",
Build and Security Scan	Build Docker Image	2026-08-18T14:50:35.3466720Z         "github_ref_protected": "false",
Build and Security Scan	Build Docker Image	2026-08-18T14:50:35.3466977Z         "github_ref_type": "branch",
Build and Security Scan	Build Docker Image	2026-08-18T14:50:35.3467314Z         "github_repository": "RanjitGaingade/assal-kolhapuri-dryfruits",
Build and Security Scan	Build Docker Image	2026-08-18T14:50:35.3467688Z         "github_repository_id": "1328946065",
Build and Security Scan	Build Docker Image	2026-08-18T14:50:35.3467988Z         "github_repository_owner": "RanjitGaingade",
Build and Security Scan	Build Docker Image	2026-08-18T14:50:35.3468304Z         "github_repository_owner_id": "313410174",
Build and Security Scan	Build Docker Image	2026-08-18T14:50:35.3468586Z         "github_run_attempt": "1",
Build and Security Scan	Build Docker Image	2026-08-18T14:50:35.3468836Z         "github_run_id": "32150710226",
Build and Security Scan	Build Docker Image	2026-08-18T14:50:35.3469086Z         "github_run_number": "32",
Build and Security Scan	Build Docker Image	2026-08-18T14:50:35.3469325Z         "github_runner_arch": "X64",
Build and Security Scan	Build Docker Image	2026-08-18T14:50:35.3469603Z         "github_runner_environment": "github-hosted",
Build and Security Scan	Build Docker Image	2026-08-18T14:50:35.3469902Z         "github_runner_image_os": "ubuntu24",
Build and Security Scan	Build Docker Image	2026-08-18T14:50:35.3470199Z         "github_runner_image_version": "20260810.271.1",
Build and Security Scan	Build Docker Image	2026-08-18T14:50:35.3470700Z         "github_runner_name": "GitHub Actions 1000000051",
Build and Security Scan	Build Docker Image	2026-08-18T14:50:35.3470995Z         "github_runner_os": "Linux",
Build and Security Scan	Build Docker Image	2026-08-18T14:50:35.3471355Z         "github_runner_tracking_id": "github_b4efc418-a351-451b-9d30-a200a393a61e",
Build and Security Scan	Build Docker Image	2026-08-18T14:50:35.3471764Z         "github_server_url": "https://github.com",
Build and Security Scan	Build Docker Image	2026-08-18T14:50:35.3472079Z         "github_triggering_actor": "RanjitGaingade",
Build and Security Scan	Build Docker Image	2026-08-18T14:50:35.3472889Z         "github_workflow": "Assal Kolhapuri Dryfruits CI/CD Pipeline",
Build and Security Scan	Build Docker Image	2026-08-18T14:50:35.3473485Z         "github_workflow_ref": "RanjitGaingade/assal-kolhapuri-dryfruits/.github/workflows/ci.yml@refs/heads/main",
Build and Security Scan	Build Docker Image	2026-08-18T14:50:35.3474220Z         "github_workflow_sha": "12456ecdaea099b2c82fc27ba9224ccd4a8de418",
Build and Security Scan	Build Docker Image	2026-08-18T14:50:35.3474573Z         "platform": "linux/amd64"
Build and Security Scan	Build Docker Image	2026-08-18T14:50:35.3474800Z       }
Build and Security Scan	Build Docker Image	2026-08-18T14:50:35.3474963Z     }
Build and Security Scan	Build Docker Image	2026-08-18T14:50:35.3475123Z   },
Build and Security Scan	Build Docker Image	2026-08-18T14:50:35.3475644Z   "buildx.build.ref": "builder-ef925651-3c87-4126-8eba-7034031bdca0/builder-ef925651-3c87-4126-8eba-7034031bdca00/a6cu86qb9d8h44kpi6e4qx9fq",
Build and Security Scan	Build Docker Image	2026-08-18T14:50:35.3476494Z   "containerimage.config.digest": "sha256:94f97a6956d0115fe2eb0e1acda56592836b64fce7cb88c27c901c8d17ff0315",
Build and Security Scan	Build Docker Image	2026-08-18T14:50:35.3477000Z   "containerimage.descriptor": {
Build and Security Scan	Build Docker Image	2026-08-18T14:50:35.3477332Z     "mediaType": "application/vnd.oci.image.manifest.v1+json",
Build and Security Scan	Build Docker Image	2026-08-18T14:50:35.3477802Z     "digest": "sha256:488e86114da5898f3b618339938ec051940df14c640ed6666f20eee693317618",
Build and Security Scan	Build Docker Image	2026-08-18T14:50:35.3478197Z     "size": 2760,
Build and Security Scan	Build Docker Image	2026-08-18T14:50:35.3478387Z     "annotations": {
Build and Security Scan	Build Docker Image	2026-08-18T14:50:35.3478666Z       "org.opencontainers.image.created": "2026-08-18T14:50:19Z"
Build and Security Scan	Build Docker Image	2026-08-18T14:50:35.3478976Z     },
Build and Security Scan	Build Docker Image	2026-08-18T14:50:35.3479146Z     "platform": {
Build and Security Scan	Build Docker Image	2026-08-18T14:50:35.3479341Z       "architecture": "amd64",
Build and Security Scan	Build Docker Image	2026-08-18T14:50:35.3479556Z       "os": "linux"
Build and Security Scan	Build Docker Image	2026-08-18T14:50:35.3479736Z     }
Build and Security Scan	Build Docker Image	2026-08-18T14:50:35.3479894Z   },
Build and Security Scan	Build Docker Image	2026-08-18T14:50:35.3480259Z   "containerimage.digest": "sha256:488e86114da5898f3b618339938ec051940df14c640ed6666f20eee693317618",
Build and Security Scan	Build Docker Image	2026-08-18T14:50:35.3480837Z   "image.name": "docker.io/ranjit1984/assal-kolhapuri-dryfruits-api:12456ec"
Build and Security Scan	Build Docker Image	2026-08-18T14:50:35.3481194Z }
Build and Security Scan	Build Docker Image	2026-08-18T14:50:35.3481538Z ##[endgroup]
Build and Security Scan	Build Docker Image	2026-08-18T14:50:35.3481852Z ##[group]Reference
Build and Security Scan	Build Docker Image	2026-08-18T14:50:35.3482658Z builder-ef925651-3c87-4126-8eba-7034031bdca0/builder-ef925651-3c87-4126-8eba-7034031bdca00/a6cu86qb9d8h44kpi6e4qx9fq
Build and Security Scan	Build Docker Image	2026-08-18T14:50:35.3483386Z ##[endgroup]
Build and Security Scan	Build Docker Image	2026-08-18T14:50:35.3483713Z ##[group]Check build summary support
Build and Security Scan	Build Docker Image	2026-08-18T14:50:35.3484116Z Build summary supported!
Build and Security Scan	Build Docker Image	2026-08-18T14:50:35.3484465Z ##[endgroup]
Build and Security Scan	Trivy Vulnerability Scan	﻿2026-08-18T14:50:35.3664997Z ##[group]Run aquasecurity/trivy-action@v0.36.0
Build and Security Scan	Trivy Vulnerability Scan	2026-08-18T14:50:35.3665337Z with:
Build and Security Scan	Trivy Vulnerability Scan	2026-08-18T14:50:35.3665623Z   image-ref: ranjit1984/assal-kolhapuri-dryfruits-api:12456ec
Build and Security Scan	Trivy Vulnerability Scan	2026-08-18T14:50:35.3665971Z   format: table
Build and Security Scan	Trivy Vulnerability Scan	2026-08-18T14:50:35.3666170Z   exit-code: 1
Build and Security Scan	Trivy Vulnerability Scan	2026-08-18T14:50:35.3666368Z   ignore-unfixed: true
Build and Security Scan	Trivy Vulnerability Scan	2026-08-18T14:50:35.3666588Z   severity: CRITICAL,HIGH
Build and Security Scan	Trivy Vulnerability Scan	2026-08-18T14:50:35.3666813Z   scan-type: image
Build and Security Scan	Trivy Vulnerability Scan	2026-08-18T14:50:35.3667011Z   scan-ref: .
Build and Security Scan	Trivy Vulnerability Scan	2026-08-18T14:50:35.3667202Z   vuln-type: os,library
Build and Security Scan	Trivy Vulnerability Scan	2026-08-18T14:50:35.3667619Z   cache-dir: /home/runner/work/assal-kolhapuri-dryfruits/assal-kolhapuri-dryfruits/.cache/trivy
Build and Security Scan	Trivy Vulnerability Scan	2026-08-18T14:50:35.3668086Z   list-all-pkgs: false
Build and Security Scan	Trivy Vulnerability Scan	2026-08-18T14:50:35.3668302Z   version: v0.70.0
Build and Security Scan	Trivy Vulnerability Scan	2026-08-18T14:50:35.3668493Z   cache: true
Build and Security Scan	Trivy Vulnerability Scan	2026-08-18T14:50:35.3668685Z   skip-setup-trivy: false
Build and Security Scan	Trivy Vulnerability Scan	2026-08-18T14:50:35.3670969Z   token-setup-trivy: ***
Build and Security Scan	Trivy Vulnerability Scan	2026-08-18T14:50:35.3671202Z env:
Build and Security Scan	Trivy Vulnerability Scan	2026-08-18T14:50:35.3671448Z   IMAGE_NAME: ranjit1984/assal-kolhapuri-dryfruits-api
Build and Security Scan	Trivy Vulnerability Scan	2026-08-18T14:50:35.3671791Z ##[endgroup]
Build and Security Scan	Trivy Vulnerability Scan	2026-08-18T14:50:35.3740101Z ##[start-action display=Install Trivy;id=__aquasecurity_trivy-action.__aquasecurity_setup-trivy]
Build and Security Scan	Trivy Vulnerability Scan	2026-08-18T14:50:35.3839056Z ##[group]Run aquasecurity/setup-trivy@3fb12ec12f41e471780db15c232d5dd185dcb514
Build and Security Scan	Trivy Vulnerability Scan	2026-08-18T14:50:35.3839453Z with:
Build and Security Scan	Trivy Vulnerability Scan	2026-08-18T14:50:35.3839633Z   version: v0.70.0
Build and Security Scan	Trivy Vulnerability Scan	2026-08-18T14:50:35.3839832Z   cache: true
Build and Security Scan	Trivy Vulnerability Scan	2026-08-18T14:50:35.3842014Z   token: ***
Build and Security Scan	Trivy Vulnerability Scan	2026-08-18T14:50:35.3842213Z   path: $HOME/.local/bin
Build and Security Scan	Trivy Vulnerability Scan	2026-08-18T14:50:35.3842695Z   github-server-url: https://github.com
Build and Security Scan	Trivy Vulnerability Scan	2026-08-18T14:50:35.3842974Z env:
Build and Security Scan	Trivy Vulnerability Scan	2026-08-18T14:50:35.3843218Z   IMAGE_NAME: ranjit1984/assal-kolhapuri-dryfruits-api
Build and Security Scan	Trivy Vulnerability Scan	2026-08-18T14:50:35.3843532Z ##[endgroup]
Build and Security Scan	Trivy Vulnerability Scan	2026-08-18T14:50:35.3849158Z ##[start-action display=Binary dir;id=__aquasecurity_trivy-action.__aquasecurity_setup-trivy.binary-dir]
Build and Security Scan	Trivy Vulnerability Scan	2026-08-18T14:50:35.3873590Z ##[group]Run echo "dir=$HOME/.local/bin/trivy-bin" >> $GITHUB_OUTPUT
Build and Security Scan	Trivy Vulnerability Scan	2026-08-18T14:50:35.3874303Z ^[[36;1mecho "dir=$HOME/.local/bin/trivy-bin" >> $GITHUB_OUTPUT^[[0m
Build and Security Scan	Trivy Vulnerability Scan	2026-08-18T14:50:35.3914931Z shell: /usr/bin/bash --noprofile --norc -e -o pipefail {0}
Build and Security Scan	Trivy Vulnerability Scan	2026-08-18T14:50:35.3915298Z env:
Build and Security Scan	Trivy Vulnerability Scan	2026-08-18T14:50:35.3915561Z   IMAGE_NAME: ranjit1984/assal-kolhapuri-dryfruits-api
Build and Security Scan	Trivy Vulnerability Scan	2026-08-18T14:50:35.3915888Z ##[endgroup]
Build and Security Scan	Trivy Vulnerability Scan	2026-08-18T14:50:35.4018637Z ##[end-action id=__aquasecurity_trivy-action.__aquasecurity_setup-trivy.binary-dir;outcome=success;conclusion=success;duration_ms=16]
Build and Security Scan	Trivy Vulnerability Scan	2026-08-18T14:50:35.4023215Z ##[start-action display=Check the version for caching;id=__aquasecurity_trivy-action.__aquasecurity_setup-trivy.__run]
Build and Security Scan	Trivy Vulnerability Scan	2026-08-18T14:50:35.4029517Z ##[end-action id=__aquasecurity_trivy-action.__aquasecurity_setup-trivy.__run;outcome=skipped;conclusion=skipped;duration_ms=0]
Build and Security Scan	Trivy Vulnerability Scan	2026-08-18T14:50:35.4031693Z ##[start-action display=Restore Trivy binary from cache;id=__aquasecurity_trivy-action.__aquasecurity_setup-trivy.cache]
Build and Security Scan	Trivy Vulnerability Scan	2026-08-18T14:50:35.4130627Z ##[group]Run actions/cache/restore@9255dc7a253b0ccc959486e2bca901246202afeb
Build and Security Scan	Trivy Vulnerability Scan	2026-08-18T14:50:35.4130999Z with:
Build and Security Scan	Trivy Vulnerability Scan	2026-08-18T14:50:35.4131207Z   path: /home/runner/.local/bin/trivy-bin
Build and Security Scan	Trivy Vulnerability Scan	2026-08-18T14:50:35.4131496Z   key: trivy-binary-v0.70.0-Linux-X64
Build and Security Scan	Trivy Vulnerability Scan	2026-08-18T14:50:35.4131770Z   enableCrossOsArchive: false
Build and Security Scan	Trivy Vulnerability Scan	2026-08-18T14:50:35.4132021Z   fail-on-cache-miss: false
Build and Security Scan	Trivy Vulnerability Scan	2026-08-18T14:50:35.4132535Z   lookup-only: false
Build and Security Scan	Trivy Vulnerability Scan	2026-08-18T14:50:35.4132794Z env:
Build and Security Scan	Trivy Vulnerability Scan	2026-08-18T14:50:35.4133032Z   IMAGE_NAME: ranjit1984/assal-kolhapuri-dryfruits-api
Build and Security Scan	Trivy Vulnerability Scan	2026-08-18T14:50:35.4133347Z ##[endgroup]
Build and Security Scan	Trivy Vulnerability Scan	2026-08-18T14:50:35.7926310Z Cache hit for: trivy-binary-v0.70.0-Linux-X64
Build and Security Scan	Trivy Vulnerability Scan	2026-08-18T14:50:37.0933187Z Received 0 of 43744497 (0.0%), 0.0 MBs/sec
Build and Security Scan	Trivy Vulnerability Scan	2026-08-18T14:50:37.6022784Z Received 43744497 of 43744497 (100.0%), 27.6 MBs/sec
Build and Security Scan	Trivy Vulnerability Scan	2026-08-18T14:50:37.6023375Z Cache Size: ~42 MB (43744497 B)
Build and Security Scan	Trivy Vulnerability Scan	2026-08-18T14:50:37.6051141Z [command]/usr/bin/tar -xf /home/runner/work/_temp/667af5cc-dfb3-4619-b04a-1799b0add9e4/cache.tzst -P -C /home/runner/work/assal-kolhapuri-dryfruits/assal-kolhapuri-dryfruits --use-compress-program unzstd
Build and Security Scan	Trivy Vulnerability Scan	2026-08-18T14:50:37.8373850Z Cache restored successfully
Build and Security Scan	Trivy Vulnerability Scan	2026-08-18T14:50:37.8470291Z Cache restored from key: trivy-binary-v0.70.0-Linux-X64
Build and Security Scan	Trivy Vulnerability Scan	2026-08-18T14:50:37.8558466Z ##[end-action id=__aquasecurity_trivy-action.__aquasecurity_setup-trivy.cache;outcome=success;conclusion=success;duration_ms=2452]
Build and Security Scan	Trivy Vulnerability Scan	2026-08-18T14:50:37.8561682Z ##[start-action display=Checkout install script;id=__aquasecurity_trivy-action.__aquasecurity_setup-trivy.__actions_checkout]
Build and Security Scan	Trivy Vulnerability Scan	2026-08-18T14:50:37.8571420Z ##[end-action id=__aquasecurity_trivy-action.__aquasecurity_setup-trivy.__actions_checkout;outcome=skipped;conclusion=skipped;duration_ms=0]
Build and Security Scan	Trivy Vulnerability Scan	2026-08-18T14:50:37.8574349Z ##[start-action display=Install Trivy;id=__aquasecurity_trivy-action.__aquasecurity_setup-trivy.__run_2]
Build and Security Scan	Trivy Vulnerability Scan	2026-08-18T14:50:37.8578825Z ##[end-action id=__aquasecurity_trivy-action.__aquasecurity_setup-trivy.__run_2;outcome=skipped;conclusion=skipped;duration_ms=0]
Build and Security Scan	Trivy Vulnerability Scan	2026-08-18T14:50:37.8580888Z ##[start-action display=Add Trivy binary to $GITHUB_PATH;id=__aquasecurity_trivy-action.__aquasecurity_setup-trivy.__run_3]
Build and Security Scan	Trivy Vulnerability Scan	2026-08-18T14:50:37.8596775Z ##[group]Run echo /home/runner/.local/bin/trivy-bin >> $GITHUB_PATH
Build and Security Scan	Trivy Vulnerability Scan	2026-08-18T14:50:37.8597244Z ^[[36;1mecho /home/runner/.local/bin/trivy-bin >> $GITHUB_PATH^[[0m
Build and Security Scan	Trivy Vulnerability Scan	2026-08-18T14:50:37.8634202Z shell: /usr/bin/bash --noprofile --norc -e -o pipefail {0}
Build and Security Scan	Trivy Vulnerability Scan	2026-08-18T14:50:37.8634547Z env:
Build and Security Scan	Trivy Vulnerability Scan	2026-08-18T14:50:37.8634795Z   IMAGE_NAME: ranjit1984/assal-kolhapuri-dryfruits-api
Build and Security Scan	Trivy Vulnerability Scan	2026-08-18T14:50:37.8635103Z ##[endgroup]
Build and Security Scan	Trivy Vulnerability Scan	2026-08-18T14:50:37.8698626Z ##[end-action id=__aquasecurity_trivy-action.__aquasecurity_setup-trivy.__run_3;outcome=success;conclusion=success;duration_ms=11]
Build and Security Scan	Trivy Vulnerability Scan	2026-08-18T14:50:37.8700801Z ##[start-action display=Save Trivy binary to cache;id=__aquasecurity_trivy-action.__aquasecurity_setup-trivy.__actions_cache]
Build and Security Scan	Trivy Vulnerability Scan	2026-08-18T14:50:37.8707915Z ##[end-action id=__aquasecurity_trivy-action.__aquasecurity_setup-trivy.__actions_cache;outcome=skipped;conclusion=skipped;duration_ms=0]
Build and Security Scan	Trivy Vulnerability Scan	2026-08-18T14:50:37.8720107Z ##[end-action id=__aquasecurity_trivy-action.__aquasecurity_setup-trivy;outcome=success;conclusion=success;duration_ms=2497]
Build and Security Scan	Trivy Vulnerability Scan	2026-08-18T14:50:37.8722052Z ##[start-action display=Get current date;id=__aquasecurity_trivy-action.date]
Build and Security Scan	Trivy Vulnerability Scan	2026-08-18T14:50:37.8736324Z ##[group]Run echo "date=$(date +'%Y-%m-%d')" >> $GITHUB_OUTPUT
Build and Security Scan	Trivy Vulnerability Scan	2026-08-18T14:50:37.8736730Z ^[[36;1mecho "date=$(date +'%Y-%m-%d')" >> $GITHUB_OUTPUT^[[0m
Build and Security Scan	Trivy Vulnerability Scan	2026-08-18T14:50:37.8773304Z shell: /usr/bin/bash --noprofile --norc -e -o pipefail {0}
Build and Security Scan	Trivy Vulnerability Scan	2026-08-18T14:50:37.8773648Z env:
Build and Security Scan	Trivy Vulnerability Scan	2026-08-18T14:50:37.8773914Z   IMAGE_NAME: ranjit1984/assal-kolhapuri-dryfruits-api
Build and Security Scan	Trivy Vulnerability Scan	2026-08-18T14:50:37.8774237Z ##[endgroup]
Build and Security Scan	Trivy Vulnerability Scan	2026-08-18T14:50:37.8848011Z ##[end-action id=__aquasecurity_trivy-action.date;outcome=success;conclusion=success;duration_ms=12]
Build and Security Scan	Trivy Vulnerability Scan	2026-08-18T14:50:37.8850119Z ##[start-action display=Restore DB from cache;id=__aquasecurity_trivy-action.__actions_cache]
Build and Security Scan	Trivy Vulnerability Scan	2026-08-18T14:50:37.8885105Z ##[group]Run actions/cache@27d5ce7f107fe9357f9df03efb73ab90386fccae
Build and Security Scan	Trivy Vulnerability Scan	2026-08-18T14:50:37.8885470Z with:
Build and Security Scan	Trivy Vulnerability Scan	2026-08-18T14:50:37.8885848Z   path: /home/runner/work/assal-kolhapuri-dryfruits/assal-kolhapuri-dryfruits/.cache/trivy
Build and Security Scan	Trivy Vulnerability Scan	2026-08-18T14:50:37.8886325Z   key: cache-trivy-2026-08-18
Build and Security Scan	Trivy Vulnerability Scan	2026-08-18T14:50:37.8886580Z   restore-keys: cache-trivy-
Build and Security Scan	Trivy Vulnerability Scan	2026-08-18T14:50:37.8886830Z   enableCrossOsArchive: false
Build and Security Scan	Trivy Vulnerability Scan	2026-08-18T14:50:37.8887076Z   fail-on-cache-miss: false
Build and Security Scan	Trivy Vulnerability Scan	2026-08-18T14:50:37.8887317Z   lookup-only: false
Build and Security Scan	Trivy Vulnerability Scan	2026-08-18T14:50:37.8887541Z   save-always: false
Build and Security Scan	Trivy Vulnerability Scan	2026-08-18T14:50:37.8887744Z env:
Build and Security Scan	Trivy Vulnerability Scan	2026-08-18T14:50:37.8887987Z   IMAGE_NAME: ranjit1984/assal-kolhapuri-dryfruits-api
Build and Security Scan	Trivy Vulnerability Scan	2026-08-18T14:50:37.8888310Z ##[endgroup]
Build and Security Scan	Trivy Vulnerability Scan	2026-08-18T14:50:38.2975832Z Cache hit for restore-key: cache-trivy-2026-08-17
Build and Security Scan	Trivy Vulnerability Scan	2026-08-18T14:50:39.6090172Z Received 0 of 79613142 (0.0%), 0.0 MBs/sec
Build and Security Scan	Trivy Vulnerability Scan	2026-08-18T14:50:40.5923095Z Received 79613142 of 79613142 (100.0%), 38.3 MBs/sec
Build and Security Scan	Trivy Vulnerability Scan	2026-08-18T14:50:40.5925698Z Cache Size: ~76 MB (79613142 B)
Build and Security Scan	Trivy Vulnerability Scan	2026-08-18T14:50:40.6034643Z [command]/usr/bin/tar -xf /home/runner/work/_temp/999f03b8-ca0a-47f4-b965-1351272652e4/cache.tzst -P -C /home/runner/work/assal-kolhapuri-dryfruits/assal-kolhapuri-dryfruits --use-compress-program unzstd
Build and Security Scan	Trivy Vulnerability Scan	2026-08-18T14:50:42.3080569Z Cache restored successfully
Build and Security Scan	Trivy Vulnerability Scan	2026-08-18T14:50:42.3213047Z Cache restored from key: cache-trivy-2026-08-17
Build and Security Scan	Trivy Vulnerability Scan	2026-08-18T14:50:42.3296496Z ##[end-action id=__aquasecurity_trivy-action.__actions_cache;outcome=success;conclusion=success;duration_ms=4444]
Build and Security Scan	Trivy Vulnerability Scan	2026-08-18T14:50:42.3300511Z ##[start-action display=Set GitHub Path;id=__aquasecurity_trivy-action.__run]
Build and Security Scan	Trivy Vulnerability Scan	2026-08-18T14:50:42.3316683Z ##[group]Run echo "$GITHUB_ACTION_PATH" >> $GITHUB_PATH
Build and Security Scan	Trivy Vulnerability Scan	2026-08-18T14:50:42.3317074Z ^[[36;1mecho "$GITHUB_ACTION_PATH" >> $GITHUB_PATH^[[0m
Build and Security Scan	Trivy Vulnerability Scan	2026-08-18T14:50:42.3355155Z shell: /usr/bin/bash --noprofile --norc -e -o pipefail {0}
Build and Security Scan	Trivy Vulnerability Scan	2026-08-18T14:50:42.3355505Z env:
Build and Security Scan	Trivy Vulnerability Scan	2026-08-18T14:50:42.3355773Z   IMAGE_NAME: ranjit1984/assal-kolhapuri-dryfruits-api
Build and Security Scan	Trivy Vulnerability Scan	2026-08-18T14:50:42.3356252Z   GITHUB_ACTION_PATH: /home/runner/work/_actions/aquasecurity/trivy-action/v0.36.0
Build and Security Scan	Trivy Vulnerability Scan	2026-08-18T14:50:42.3356674Z ##[endgroup]
Build and Security Scan	Trivy Vulnerability Scan	2026-08-18T14:50:42.3575228Z ##[end-action id=__aquasecurity_trivy-action.__run;outcome=success;conclusion=success;duration_ms=27]
Build and Security Scan	Trivy Vulnerability Scan	2026-08-18T14:50:42.3577298Z ##[start-action display=Clear Trivy Envs file;id=__aquasecurity_trivy-action.__run_2]
Build and Security Scan	Trivy Vulnerability Scan	2026-08-18T14:50:42.3591304Z ##[group]Run rm -f trivy_envs.txt
Build and Security Scan	Trivy Vulnerability Scan	2026-08-18T14:50:42.3591605Z ^[[36;1mrm -f trivy_envs.txt^[[0m
Build and Security Scan	Trivy Vulnerability Scan	2026-08-18T14:50:42.3591854Z ^[[36;1mtouch trivy_envs.txt^[[0m
Build and Security Scan	Trivy Vulnerability Scan	2026-08-18T14:50:42.3627480Z shell: /usr/bin/bash --noprofile --norc -e -o pipefail {0}
Build and Security Scan	Trivy Vulnerability Scan	2026-08-18T14:50:42.3627836Z env:
Build and Security Scan	Trivy Vulnerability Scan	2026-08-18T14:50:42.3628114Z   IMAGE_NAME: ranjit1984/assal-kolhapuri-dryfruits-api
Build and Security Scan	Trivy Vulnerability Scan	2026-08-18T14:50:42.3628432Z ##[endgroup]
Build and Security Scan	Trivy Vulnerability Scan	2026-08-18T14:50:42.4153970Z ##[end-action id=__aquasecurity_trivy-action.__run_2;outcome=success;conclusion=success;duration_ms=57]
Build and Security Scan	Trivy Vulnerability Scan	2026-08-18T14:50:42.4158488Z ##[start-action display=Set Trivy environment variables;id=__aquasecurity_trivy-action.__run_3]
Build and Security Scan	Trivy Vulnerability Scan	2026-08-18T14:50:42.4560795Z ##[group]Run # Note: There is currently no way to distinguish between undefined variables and empty strings in GitHub Actions.
Build and Security Scan	Trivy Vulnerability Scan	2026-08-18T14:50:42.4562661Z ^[[36;1m# Note: There is currently no way to distinguish between undefined variables and empty strings in GitHub Actions.^[[0m
Build and Security Scan	Trivy Vulnerability Scan	2026-08-18T14:50:42.4563820Z ^[[36;1m# This limitation affects how we handle default values and empty inputs.^[[0m
Build and Security Scan	Trivy Vulnerability Scan	2026-08-18T14:50:42.4564479Z ^[[36;1m# For more information, see: https://github.com/actions/runner/issues/924^[[0m
Build and Security Scan	Trivy Vulnerability Scan	2026-08-18T14:50:42.4564895Z ^[[36;1m^[[0m
Build and Security Scan	Trivy Vulnerability Scan	2026-08-18T14:50:42.4565266Z ^[[36;1m# The following logic implements the configuration priority described in the README:^[[0m
Build and Security Scan	Trivy Vulnerability Scan	2026-08-18T14:50:42.4565706Z ^[[36;1m#^[[0m
Build and Security Scan	Trivy Vulnerability Scan	2026-08-18T14:50:42.4565894Z ^[[36;1m# Inputs^[[0m
Build and Security Scan	Trivy Vulnerability Scan	2026-08-18T14:50:42.4580886Z ^[[36;1m# Environment Variables^[[0m
Build and Security Scan	Trivy Vulnerability Scan	2026-08-18T14:50:42.4581329Z ^[[36;1m# Config File^[[0m
Build and Security Scan	Trivy Vulnerability Scan	2026-08-18T14:50:42.4581679Z ^[[36;1m# Defaults^[[0m
Build and Security Scan	Trivy Vulnerability Scan	2026-08-18T14:50:42.4581993Z ^[[36;1m#^[[0m
Build and Security Scan	Trivy Vulnerability Scan	2026-08-18T14:50:42.4582834Z ^[[36;1m# As noted above defaults are awkward to handle as GitHub Actions will inject those values as the input^[[0m
Build and Security Scan	Trivy Vulnerability Scan	2026-08-18T14:50:42.4584000Z ^[[36;1m# if the caller doesn't provide them, thus if the input matches the default we don't set it as we^[[0m
Build and Security Scan	Trivy Vulnerability Scan	2026-08-18T14:50:42.4585130Z ^[[36;1m# can't tell the difference.  Plus if we did set it when it was the default value then it could potentially^[[0m
Build and Security Scan	Trivy Vulnerability Scan	2026-08-18T14:50:42.4586370Z ^[[36;1m# override an external environment variable, or something in the callers configuration file, which then wouldn't^[[0m
Build and Security Scan	Trivy Vulnerability Scan	2026-08-18T14:50:42.4587371Z ^[[36;1m# match the configuration priority that is documented.^[[0m
Build and Security Scan	Trivy Vulnerability Scan	2026-08-18T14:50:42.4587942Z ^[[36;1mset_env_var_if_provided() {^[[0m
Build and Security Scan	Trivy Vulnerability Scan	2026-08-18T14:50:42.4588397Z ^[[36;1m  local var_name="$1"^[[0m
Build and Security Scan	Trivy Vulnerability Scan	2026-08-18T14:50:42.4588814Z ^[[36;1m  local input_value="$2"^[[0m
Build and Security Scan	Trivy Vulnerability Scan	2026-08-18T14:50:42.4589241Z ^[[36;1m  local default_value="$3"^[[0m
Build and Security Scan	Trivy Vulnerability Scan	2026-08-18T14:50:42.4589658Z ^[[36;1m^[[0m
Build and Security Scan	Trivy Vulnerability Scan	2026-08-18T14:50:42.4590131Z ^[[36;1m  if [ -n "$input_value" ] && [ "$input_value" != "$default_value" ]; then^[[0m
Build and Security Scan	Trivy Vulnerability Scan	2026-08-18T14:50:42.4590934Z ^[[36;1m    # If action was provided with explicit input by the caller set that^[[0m
Build and Security Scan	Trivy Vulnerability Scan	2026-08-18T14:50:42.4592049Z ^[[36;1m    # Use printf %q to safely escape special characters and prevent command injection^[[0m
Build and Security Scan	Trivy Vulnerability Scan	2026-08-18T14:50:42.4593147Z ^[[36;1m    printf 'export %s=%q\n' "$var_name" "$input_value" >> trivy_envs.txt^[[0m
Build and Security Scan	Trivy Vulnerability Scan	2026-08-18T14:50:42.4593766Z ^[[36;1m  fi^[[0m
Build and Security Scan	Trivy Vulnerability Scan	2026-08-18T14:50:42.4594095Z ^[[36;1m}^[[0m
Build and Security Scan	Trivy Vulnerability Scan	2026-08-18T14:50:42.4594412Z ^[[36;1m^[[0m
Build and Security Scan	Trivy Vulnerability Scan	2026-08-18T14:50:42.4594900Z ^[[36;1m# Set environment variables, handling those with default values^[[0m
Build and Security Scan	Trivy Vulnerability Scan	2026-08-18T14:50:42.4595884Z ^[[36;1m# cf. https://aquasecurity.github.io/trivy/latest/docs/configuration/#environment-variables^[[0m
Build and Security Scan	Trivy Vulnerability Scan	2026-08-18T14:50:42.4596832Z ^[[36;1mset_env_var_if_provided "TRIVY_INPUT" "$INPUT_INPUT" ""^[[0m
Build and Security Scan	Trivy Vulnerability Scan	2026-08-18T14:50:42.4597560Z ^[[36;1mset_env_var_if_provided "TRIVY_EXIT_CODE" "$INPUT_EXIT_CODE" ""^[[0m
Build and Security Scan	Trivy Vulnerability Scan	2026-08-18T14:50:42.4598407Z ^[[36;1mset_env_var_if_provided "TRIVY_IGNORE_UNFIXED" "$INPUT_IGNORE_UNFIXED" "false"^[[0m
Build and Security Scan	Trivy Vulnerability Scan	2026-08-18T14:50:42.4599339Z ^[[36;1mset_env_var_if_provided "TRIVY_PKG_TYPES" "$INPUT_VULN_TYPE" "os,library"^[[0m
Build and Security Scan	Trivy Vulnerability Scan	2026-08-18T14:50:42.4600289Z ^[[36;1mset_env_var_if_provided "TRIVY_SEVERITY" "$INPUT_SEVERITY" "UNKNOWN,LOW,MEDIUM,HIGH,CRITICAL"^[[0m
Build and Security Scan	Trivy Vulnerability Scan	2026-08-18T14:50:42.4601171Z ^[[36;1mset_env_var_if_provided "TRIVY_FORMAT" "$INPUT_FORMAT" "table"^[[0m
Build and Security Scan	Trivy Vulnerability Scan	2026-08-18T14:50:42.4601895Z ^[[36;1mset_env_var_if_provided "TRIVY_TEMPLATE" "$INPUT_TEMPLATE" ""^[[0m
Build and Security Scan	Trivy Vulnerability Scan	2026-08-18T14:50:42.4602812Z ^[[36;1mset_env_var_if_provided "TRIVY_OUTPUT" "$INPUT_OUTPUT" ""^[[0m
Build and Security Scan	Trivy Vulnerability Scan	2026-08-18T14:50:42.4603553Z ^[[36;1mset_env_var_if_provided "TRIVY_SKIP_DIRS" "$INPUT_SKIP_DIRS" ""^[[0m
Build and Security Scan	Trivy Vulnerability Scan	2026-08-18T14:50:42.4604340Z ^[[36;1mset_env_var_if_provided "TRIVY_SKIP_FILES" "$INPUT_SKIP_FILES" ""^[[0m
Build and Security Scan	Trivy Vulnerability Scan	2026-08-18T14:50:42.4605110Z ^[[36;1mset_env_var_if_provided "TRIVY_TIMEOUT" "$INPUT_TIMEOUT" ""^[[0m
Build and Security Scan	Trivy Vulnerability Scan	2026-08-18T14:50:42.4605909Z ^[[36;1mset_env_var_if_provided "TRIVY_IGNORE_POLICY" "$INPUT_IGNORE_POLICY" ""^[[0m
Build and Security Scan	Trivy Vulnerability Scan	2026-08-18T14:50:42.4606912Z ^[[36;1mset_env_var_if_provided "TRIVY_QUIET" "$INPUT_HIDE_PROGRESS" ""^[[0m
Build and Security Scan	Trivy Vulnerability Scan	2026-08-18T14:50:42.4607754Z ^[[36;1mset_env_var_if_provided "TRIVY_LIST_ALL_PKGS" "$INPUT_LIST_ALL_PKGS" "false"^[[0m
Build and Security Scan	Trivy Vulnerability Scan	2026-08-18T14:50:42.4608589Z ^[[36;1mset_env_var_if_provided "TRIVY_SCANNERS" "$INPUT_SCANNERS" ""^[[0m
Build and Security Scan	Trivy Vulnerability Scan	2026-08-18T14:50:42.4609350Z ^[[36;1mset_env_var_if_provided "TRIVY_CONFIG" "$INPUT_TRIVY_CONFIG" ""^[[0m
Build and Security Scan	Trivy Vulnerability Scan	2026-08-18T14:50:42.4610095Z ^[[36;1mset_env_var_if_provided "TRIVY_TF_VARS" "$INPUT_TF_VARS" ""^[[0m
Build and Security Scan	Trivy Vulnerability Scan	2026-08-18T14:50:42.4610866Z ^[[36;1mset_env_var_if_provided "TRIVY_DOCKER_HOST" "$INPUT_DOCKER_HOST" ""^[[0m
Build and Security Scan	Trivy Vulnerability Scan	2026-08-18T14:50:42.4654849Z shell: /usr/bin/bash --noprofile --norc -e -o pipefail {0}
Build and Security Scan	Trivy Vulnerability Scan	2026-08-18T14:50:42.4655415Z env:
Build and Security Scan	Trivy Vulnerability Scan	2026-08-18T14:50:42.4655838Z   IMAGE_NAME: ranjit1984/assal-kolhapuri-dryfruits-api
Build and Security Scan	Trivy Vulnerability Scan	2026-08-18T14:50:42.4656370Z   INPUT_INPUT: 
Build and Security Scan	Trivy Vulnerability Scan	2026-08-18T14:50:42.4656713Z   INPUT_EXIT_CODE: 1
Build and Security Scan	Trivy Vulnerability Scan	2026-08-18T14:50:42.4657084Z   INPUT_IGNORE_UNFIXED: true
Build and Security Scan	Trivy Vulnerability Scan	2026-08-18T14:50:42.4657503Z   INPUT_VULN_TYPE: os,library
Build and Security Scan	Trivy Vulnerability Scan	2026-08-18T14:50:42.4657933Z   INPUT_SEVERITY: CRITICAL,HIGH
Build and Security Scan	Trivy Vulnerability Scan	2026-08-18T14:50:42.4658353Z   INPUT_FORMAT: table
Build and Security Scan	Trivy Vulnerability Scan	2026-08-18T14:50:42.4658721Z   INPUT_TEMPLATE: 
Build and Security Scan	Trivy Vulnerability Scan	2026-08-18T14:50:42.4659065Z   INPUT_OUTPUT: 
Build and Security Scan	Trivy Vulnerability Scan	2026-08-18T14:50:42.4659405Z   INPUT_SKIP_DIRS: 
Build and Security Scan	Trivy Vulnerability Scan	2026-08-18T14:50:42.4659759Z   INPUT_SKIP_FILES: 
Build and Security Scan	Trivy Vulnerability Scan	2026-08-18T14:50:42.4660124Z   INPUT_TIMEOUT: 
Build and Security Scan	Trivy Vulnerability Scan	2026-08-18T14:50:42.4660469Z   INPUT_IGNORE_POLICY: 
Build and Security Scan	Trivy Vulnerability Scan	2026-08-18T14:50:42.4660841Z   INPUT_HIDE_PROGRESS: 
Build and Security Scan	Trivy Vulnerability Scan	2026-08-18T14:50:42.4661215Z   INPUT_LIST_ALL_PKGS: false
Build and Security Scan	Trivy Vulnerability Scan	2026-08-18T14:50:42.4661620Z   INPUT_SCANNERS: 
Build and Security Scan	Trivy Vulnerability Scan	2026-08-18T14:50:42.4661964Z   INPUT_TRIVY_CONFIG: 
Build and Security Scan	Trivy Vulnerability Scan	2026-08-18T14:50:42.4662498Z   INPUT_TF_VARS: 
Build and Security Scan	Trivy Vulnerability Scan	2026-08-18T14:50:42.4662868Z   INPUT_DOCKER_HOST: 
Build and Security Scan	Trivy Vulnerability Scan	2026-08-18T14:50:42.4663228Z ##[endgroup]
Build and Security Scan	Trivy Vulnerability Scan	2026-08-18T14:50:42.5681675Z ##[end-action id=__aquasecurity_trivy-action.__run_3;outcome=success;conclusion=success;duration_ms=152]
Build and Security Scan	Trivy Vulnerability Scan	2026-08-18T14:50:42.5687170Z ##[start-action display=Run Trivy;id=__aquasecurity_trivy-action.__run_4]
Build and Security Scan	Trivy Vulnerability Scan	2026-08-18T14:50:42.6167301Z ##[group]Run entrypoint.sh
Build and Security Scan	Trivy Vulnerability Scan	2026-08-18T14:50:42.6167644Z ^[[36;1mentrypoint.sh^[[0m
Build and Security Scan	Trivy Vulnerability Scan	2026-08-18T14:50:42.6201611Z shell: /usr/bin/bash --noprofile --norc -e -o pipefail {0}
Build and Security Scan	Trivy Vulnerability Scan	2026-08-18T14:50:42.6201961Z env:
Build and Security Scan	Trivy Vulnerability Scan	2026-08-18T14:50:42.6202228Z   IMAGE_NAME: ranjit1984/assal-kolhapuri-dryfruits-api
Build and Security Scan	Trivy Vulnerability Scan	2026-08-18T14:50:42.6202767Z   INPUT_SCAN_TYPE: image
Build and Security Scan	Trivy Vulnerability Scan	2026-08-18T14:50:42.6203106Z   INPUT_IMAGE_REF: ranjit1984/assal-kolhapuri-dryfruits-api:12456ec
Build and Security Scan	Trivy Vulnerability Scan	2026-08-18T14:50:42.6203470Z   INPUT_SCAN_REF: .
Build and Security Scan	Trivy Vulnerability Scan	2026-08-18T14:50:42.6203689Z   INPUT_TRIVYIGNORES: 
Build and Security Scan	Trivy Vulnerability Scan	2026-08-18T14:50:42.6203909Z   INPUT_GITHUB_PAT: 
Build and Security Scan	Trivy Vulnerability Scan	2026-08-18T14:50:42.6204144Z   INPUT_LIMIT_SEVERITIES_FOR_SARIF: 
Build and Security Scan	Trivy Vulnerability Scan	2026-08-18T14:50:42.6204647Z   TRIVY_CACHE_DIR: /home/runner/work/assal-kolhapuri-dryfruits/assal-kolhapuri-dryfruits/.cache/trivy
Build and Security Scan	Trivy Vulnerability Scan	2026-08-18T14:50:42.6205133Z ##[endgroup]
Build and Security Scan	Trivy Vulnerability Scan	2026-08-18T14:50:42.7086697Z Running Trivy with options: trivy image ranjit1984/assal-kolhapuri-dryfruits-api:12456ec
Build and Security Scan	Trivy Vulnerability Scan	2026-08-18T14:50:42.7597577Z 2026-08-18T14:50:42Z	INFO	[vulndb] Need to update DB
Build and Security Scan	Trivy Vulnerability Scan	2026-08-18T14:50:42.7598562Z 2026-08-18T14:50:42Z	INFO	[vulndb] Downloading vulnerability DB...
Build and Security Scan	Trivy Vulnerability Scan	2026-08-18T14:50:42.7599727Z 2026-08-18T14:50:42Z	INFO	[vulndb] Downloading artifact...	repo="mirror.gcr.io/aquasec/trivy-db:2"
Build and Security Scan	Trivy Vulnerability Scan	2026-08-18T14:50:48.5893419Z 1.55 MiB / 108.07 MiB [>_____________________________________________________________] 1.44% ? p/s ?18.00 MiB / 108.07 MiB [--------->__________________________________________________] 16.66% ? p/s ?47.96 MiB / 108.07 MiB [-------------------------->_________________________________] 44.38% ? p/s ?77.43 MiB / 108.07 MiB [-------------------------------->_____________] 71.65% 126.44 MiB p/s ETA 0s106.09 MiB / 108.07 MiB [-------------------------------------------->] 98.17% 126.44 MiB p/s ETA 0s108.07 MiB / 108.07 MiB [------------------------------------------->] 100.00% 126.44 MiB p/s ETA 0s108.07 MiB / 108.07 MiB [------------------------------------------->] 100.00% 121.57 MiB p/s ETA 0s108.07 MiB / 108.07 MiB [------------------------------------------->] 100.00% 121.57 MiB p/s ETA 0s108.07 MiB / 108.07 MiB [------------------------------------------->] 100.00% 121.57 MiB p/s ETA 0s108.07 MiB / 108.07 MiB [------------------------------------------->] 100.00% 113.73 MiB p/s ETA 0s108.07 MiB / 108.07 MiB [------------------------------------------->] 100.00% 113.73 MiB p/s ETA 0s108.07 MiB / 108.07 MiB [------------------------------------------->] 100.00% 113.73 MiB p/s ETA 0s108.07 MiB / 108.07 MiB [------------------------------------------->] 100.00% 106.39 MiB p/s ETA 0s108.07 MiB / 108.07 MiB [------------------------------------------->] 100.00% 106.39 MiB p/s ETA 0s108.07 MiB / 108.07 MiB [------------------------------------------->] 100.00% 106.39 MiB p/s ETA 0s108.07 MiB / 108.07 MiB [-------------------------------------------->] 100.00% 99.53 MiB p/s ETA 0s108.07 MiB / 108.07 MiB [-------------------------------------------->] 100.00% 99.53 MiB p/s ETA 0s108.07 MiB / 108.07 MiB [-------------------------------------------->] 100.00% 99.53 MiB p/s ETA 0s108.07 MiB / 108.07 MiB [-------------------------------------------->] 100.00% 93.11 MiB p/s ETA 0s108.07 MiB / 108.07 MiB [-------------------------------------------->] 100.00% 93.11 MiB p/s ETA 0s108.07 MiB / 108.07 MiB [-----------------------------------------------] 100.00% 27.15 MiB p/s 4.2s2026-08-18T14:50:48Z	INFO	[vulndb] Artifact successfully downloaded	repo="mirror.gcr.io/aquasec/trivy-db:2"
Build and Security Scan	Trivy Vulnerability Scan	2026-08-18T14:50:48.5902890Z 2026-08-18T14:50:48Z	INFO	[vuln] Vulnerability scanning is enabled
Build and Security Scan	Trivy Vulnerability Scan	2026-08-18T14:50:48.5903646Z 2026-08-18T14:50:48Z	INFO	[secret] Secret scanning is enabled
Build and Security Scan	Trivy Vulnerability Scan	2026-08-18T14:50:48.5904585Z 2026-08-18T14:50:48Z	INFO	[secret] If your scanning is slow, please try '--scanners vuln' to disable secret scanning
Build and Security Scan	Trivy Vulnerability Scan	2026-08-18T14:50:48.5905989Z 2026-08-18T14:50:48Z	INFO	[secret] Please see https://trivy.dev/docs/v0.70/guide/scanner/secret#recommendation for faster secret detection
Build and Security Scan	Trivy Vulnerability Scan	2026-08-18T14:50:55.2472754Z 2026-08-18T14:50:55Z	INFO	Detected OS	family="alpine" version="3.24.1"
Build and Security Scan	Trivy Vulnerability Scan	2026-08-18T14:50:55.2473873Z 2026-08-18T14:50:55Z	WARN	This OS version is not on the EOL list	family="alpine" version="3.24"
Build and Security Scan	Trivy Vulnerability Scan	2026-08-18T14:50:55.2475112Z 2026-08-18T14:50:55Z	INFO	[alpine] Detecting vulnerabilities...	os_version="3.24" repository="3.24" pkg_num=18
Build and Security Scan	Trivy Vulnerability Scan	2026-08-18T14:50:55.2501530Z 2026-08-18T14:50:55Z	INFO	Number of language-specific files	num=1
Build and Security Scan	Trivy Vulnerability Scan	2026-08-18T14:50:55.2506818Z 2026-08-18T14:50:55Z	INFO	[node-pkg] Detecting vulnerabilities...
Build and Security Scan	Trivy Vulnerability Scan	2026-08-18T14:50:55.3375114Z 2026-08-18T14:50:55Z	INFO	Table result includes only package filenames. Use '--format json' option to get the full path to the package file.
Build and Security Scan	Trivy Vulnerability Scan	2026-08-18T14:50:55.3383401Z 
Build and Security Scan	Trivy Vulnerability Scan	2026-08-18T14:50:55.3383724Z Report Summary
Build and Security Scan	Trivy Vulnerability Scan	2026-08-18T14:50:55.3383961Z 
Build and Security Scan	Trivy Vulnerability Scan	2026-08-18T14:50:55.3384849Z ┌──────────────────────────────────────────────────────────────────────────────────┬──────────┬─────────────────┬─────────┐
Build and Security Scan	Trivy Vulnerability Scan	2026-08-18T14:50:55.3385984Z │                                      Target                                      │   Type   │ Vulnerabilities │ Secrets │
Build and Security Scan	Trivy Vulnerability Scan	2026-08-18T14:50:55.3387210Z ├──────────────────────────────────────────────────────────────────────────────────┼──────────┼─────────────────┼─────────┤
Build and Security Scan	Trivy Vulnerability Scan	2026-08-18T14:50:55.3388755Z │ ranjit1984/assal-kolhapuri-dryfruits-api:12456ec (alpine 3.24.1)                 │  alpine  │        0        │    -    │
Build and Security Scan	Trivy Vulnerability Scan	2026-08-18T14:50:55.3389746Z ├──────────────────────────────────────────────────────────────────────────────────┼──────────┼─────────────────┼─────────┤
Build and Security Scan	Trivy Vulnerability Scan	2026-08-18T14:50:55.3390480Z │ app/node_modules/.prisma/client/package.json                                     │ node-pkg │        0        │    -    │
Build and Security Scan	Trivy Vulnerability Scan	2026-08-18T14:50:55.3391236Z ├──────────────────────────────────────────────────────────────────────────────────┼──────────┼─────────────────┼─────────┤
Build and Security Scan	Trivy Vulnerability Scan	2026-08-18T14:50:55.3391963Z │ app/node_modules/@electric-sql/pglite-socket/package.json                        │ node-pkg │        0        │    -    │
Build and Security Scan	Trivy Vulnerability Scan	2026-08-18T14:50:55.3393049Z ├──────────────────────────────────────────────────────────────────────────────────┼──────────┼─────────────────┼─────────┤
Build and Security Scan	Trivy Vulnerability Scan	2026-08-18T14:50:55.3394039Z │ app/node_modules/@electric-sql/pglite-tools/package.json                         │ node-pkg │        0        │    -    │
Build and Security Scan	Trivy Vulnerability Scan	2026-08-18T14:50:55.3394830Z ├──────────────────────────────────────────────────────────────────────────────────┼──────────┼─────────────────┼─────────┤
Build and Security Scan	Trivy Vulnerability Scan	2026-08-18T14:50:55.3395514Z │ app/node_modules/@electric-sql/pglite/package.json                               │ node-pkg │        0        │    -    │
Build and Security Scan	Trivy Vulnerability Scan	2026-08-18T14:50:55.3396254Z ├──────────────────────────────────────────────────────────────────────────────────┼──────────┼─────────────────┼─────────┤
Build and Security Scan	Trivy Vulnerability Scan	2026-08-18T14:50:55.3396945Z │ app/node_modules/@prisma/adapter-pg/package.json                                 │ node-pkg │        0        │    -    │
Build and Security Scan	Trivy Vulnerability Scan	2026-08-18T14:50:55.3397677Z ├──────────────────────────────────────────────────────────────────────────────────┼──────────┼─────────────────┼─────────┤
Build and Security Scan	Trivy Vulnerability Scan	2026-08-18T14:50:55.3398382Z │ app/node_modules/@prisma/client-runtime-utils/package.json                       │ node-pkg │        0        │    -    │
Build and Security Scan	Trivy Vulnerability Scan	2026-08-18T14:50:55.3399336Z ├──────────────────────────────────────────────────────────────────────────────────┼──────────┼─────────────────┼─────────┤
Build and Security Scan	Trivy Vulnerability Scan	2026-08-18T14:50:55.3400024Z │ app/node_modules/@prisma/client/package.json                                     │ node-pkg │        0        │    -    │
Build and Security Scan	Trivy Vulnerability Scan	2026-08-18T14:50:55.3400763Z ├──────────────────────────────────────────────────────────────────────────────────┼──────────┼─────────────────┼─────────┤
Build and Security Scan	Trivy Vulnerability Scan	2026-08-18T14:50:55.3401426Z │ app/node_modules/@prisma/config/package.json                                     │ node-pkg │        0        │    -    │
Build and Security Scan	Trivy Vulnerability Scan	2026-08-18T14:50:55.3402151Z ├──────────────────────────────────────────────────────────────────────────────────┼──────────┼─────────────────┼─────────┤
Build and Security Scan	Trivy Vulnerability Scan	2026-08-18T14:50:55.3403559Z │ app/node_modules/@prisma/debug/package.json                                      │ node-pkg │        0        │    -    │
Build and Security Scan	Trivy Vulnerability Scan	2026-08-18T14:50:55.3405234Z ├──────────────────────────────────────────────────────────────────────────────────┼──────────┼─────────────────┼─────────┤
Build and Security Scan	Trivy Vulnerability Scan	2026-08-18T14:50:55.3406862Z │ app/node_modules/@prisma/dev/package.json                                        │ node-pkg │        0        │    -    │
Build and Security Scan	Trivy Vulnerability Scan	2026-08-18T14:50:55.3408194Z ├──────────────────────────────────────────────────────────────────────────────────┼──────────┼─────────────────┼─────────┤
Build and Security Scan	Trivy Vulnerability Scan	2026-08-18T14:50:55.3409466Z │ app/node_modules/@prisma/driver-adapter-utils/package.json                       │ node-pkg │        0        │    -    │
Build and Security Scan	Trivy Vulnerability Scan	2026-08-18T14:50:55.3410256Z ├──────────────────────────────────────────────────────────────────────────────────┼──────────┼─────────────────┼─────────┤
Build and Security Scan	Trivy Vulnerability Scan	2026-08-18T14:50:55.3411002Z │ app/node_modules/@prisma/engines-version/package.json                            │ node-pkg │        0        │    -    │
Build and Security Scan	Trivy Vulnerability Scan	2026-08-18T14:50:55.3411750Z ├──────────────────────────────────────────────────────────────────────────────────┼──────────┼─────────────────┼─────────┤
Build and Security Scan	Trivy Vulnerability Scan	2026-08-18T14:50:55.3412813Z │ app/node_modules/@prisma/engines/node_modules/@prisma/get-platform/package.json  │ node-pkg │        0        │    -    │
Build and Security Scan	Trivy Vulnerability Scan	2026-08-18T14:50:55.3413859Z ├──────────────────────────────────────────────────────────────────────────────────┼──────────┼─────────────────┼─────────┤
Build and Security Scan	Trivy Vulnerability Scan	2026-08-18T14:50:55.3414546Z │ app/node_modules/@prisma/engines/package.json                                    │ node-pkg │        0        │    -    │
Build and Security Scan	Trivy Vulnerability Scan	2026-08-18T14:50:55.3414995Z 
Build and Security Scan	Trivy Vulnerability Scan	2026-08-18T14:50:55.3415118Z 📣 ^[[34mNotices:^[[0m
Build and Security Scan	Trivy Vulnerability Scan	2026-08-18T14:50:55.3415438Z   - Version 0.74.0 of Trivy is now available, current version is 0.70.0
Build and Security Scan	Trivy Vulnerability Scan	2026-08-18T14:50:55.3415710Z 
Build and Security Scan	Trivy Vulnerability Scan	2026-08-18T14:50:55.3415933Z To suppress version checks, run Trivy scans with the --skip-version-check flag
Build and Security Scan	Trivy Vulnerability Scan	2026-08-18T14:50:55.3416245Z 
Build and Security Scan	Trivy Vulnerability Scan	2026-08-18T14:50:55.3416608Z ├──────────────────────────────────────────────────────────────────────────────────┼──────────┼─────────────────┼─────────┤
Build and Security Scan	Trivy Vulnerability Scan	2026-08-18T14:50:55.3417542Z │ app/node_modules/@prisma/fetch-engine/node_modules/@prisma/get-platform/package- │ node-pkg │        0        │    -    │
Build and Security Scan	Trivy Vulnerability Scan	2026-08-18T14:50:55.3418259Z │ .json                                                                            │          │                 │         │
Build and Security Scan	Trivy Vulnerability Scan	2026-08-18T14:50:55.3418892Z ├──────────────────────────────────────────────────────────────────────────────────┼──────────┼─────────────────┼─────────┤
Build and Security Scan	Trivy Vulnerability Scan	2026-08-18T14:50:55.3419574Z │ app/node_modules/@prisma/fetch-engine/package.json                               │ node-pkg │        0        │    -    │
Build and Security Scan	Trivy Vulnerability Scan	2026-08-18T14:50:55.3420312Z ├──────────────────────────────────────────────────────────────────────────────────┼──────────┼─────────────────┼─────────┤
Build and Security Scan	Trivy Vulnerability Scan	2026-08-18T14:50:55.3421057Z │ app/node_modules/@prisma/get-platform/node_modules/@prisma/debug/package.json    │ node-pkg │        0        │    -    │
Build and Security Scan	Trivy Vulnerability Scan	2026-08-18T14:50:55.3421850Z ├──────────────────────────────────────────────────────────────────────────────────┼──────────┼─────────────────┼─────────┤
Build and Security Scan	Trivy Vulnerability Scan	2026-08-18T14:50:55.3422825Z │ app/node_modules/@prisma/get-platform/package.json                               │ node-pkg │        0        │    -    │
Build and Security Scan	Trivy Vulnerability Scan	2026-08-18T14:50:55.3423757Z ├──────────────────────────────────────────────────────────────────────────────────┼──────────┼─────────────────┼─────────┤
Build and Security Scan	Trivy Vulnerability Scan	2026-08-18T14:50:55.3424471Z │ app/node_modules/@prisma/query-plan-executor/package.json                        │ node-pkg │        0        │    -    │
Build and Security Scan	Trivy Vulnerability Scan	2026-08-18T14:50:55.3425236Z ├──────────────────────────────────────────────────────────────────────────────────┼──────────┼─────────────────┼─────────┤
Build and Security Scan	Trivy Vulnerability Scan	2026-08-18T14:50:55.3425927Z │ app/node_modules/@prisma/streams-local/package.json                              │ node-pkg │        0        │    -    │
Build and Security Scan	Trivy Vulnerability Scan	2026-08-18T14:50:55.3426681Z ├──────────────────────────────────────────────────────────────────────────────────┼──────────┼─────────────────┼─────────┤
Build and Security Scan	Trivy Vulnerability Scan	2026-08-18T14:50:55.3427363Z │ app/node_modules/@prisma/studio-core/package.json                                │ node-pkg │        0        │    -    │
Build and Security Scan	Trivy Vulnerability Scan	2026-08-18T14:50:55.3428164Z ├──────────────────────────────────────────────────────────────────────────────────┼──────────┼─────────────────┼─────────┤
Build and Security Scan	Trivy Vulnerability Scan	2026-08-18T14:50:55.3428855Z │ app/node_modules/@radix-ui/primitive/package.json                                │ node-pkg │        0        │    -    │
Build and Security Scan	Trivy Vulnerability Scan	2026-08-18T14:50:55.3429612Z ├──────────────────────────────────────────────────────────────────────────────────┼──────────┼─────────────────┼─────────┤
Build and Security Scan	Trivy Vulnerability Scan	2026-08-18T14:50:55.3430333Z │ app/node_modules/@radix-ui/react-compose-refs/package.json                       │ node-pkg │        0        │    -    │
Build and Security Scan	Trivy Vulnerability Scan	2026-08-18T14:50:55.3431101Z ├──────────────────────────────────────────────────────────────────────────────────┼──────────┼─────────────────┼─────────┤
Build and Security Scan	Trivy Vulnerability Scan	2026-08-18T14:50:55.3431799Z │ app/node_modules/@radix-ui/react-primitive/package.json                          │ node-pkg │        0        │    -    │
Build and Security Scan	Trivy Vulnerability Scan	2026-08-18T14:50:55.3443553Z ├──────────────────────────────────────────────────────────────────────────────────┼──────────┼─────────────────┼─────────┤
Build and Security Scan	Trivy Vulnerability Scan	2026-08-18T14:50:55.3444991Z │ app/node_modules/@radix-ui/react-slot/package.json                               │ node-pkg │        0        │    -    │
Build and Security Scan	Trivy Vulnerability Scan	2026-08-18T14:50:55.3446139Z ├──────────────────────────────────────────────────────────────────────────────────┼──────────┼─────────────────┼─────────┤
Build and Security Scan	Trivy Vulnerability Scan	2026-08-18T14:50:55.3447206Z │ app/node_modules/@radix-ui/react-toggle/package.json                             │ node-pkg │        0        │    -    │
Build and Security Scan	Trivy Vulnerability Scan	2026-08-18T14:50:55.3448334Z ├──────────────────────────────────────────────────────────────────────────────────┼──────────┼─────────────────┼─────────┤
Build and Security Scan	Trivy Vulnerability Scan	2026-08-18T14:50:55.3449431Z │ app/node_modules/@radix-ui/react-use-controllable-state/package.json             │ node-pkg │        0        │    -    │
Build and Security Scan	Trivy Vulnerability Scan	2026-08-18T14:50:55.3450601Z ├──────────────────────────────────────────────────────────────────────────────────┼──────────┼─────────────────┼─────────┤
Build and Security Scan	Trivy Vulnerability Scan	2026-08-18T14:50:55.3451688Z │ app/node_modules/@radix-ui/react-use-effect-event/package.json                   │ node-pkg │        0        │    -    │
Build and Security Scan	Trivy Vulnerability Scan	2026-08-18T14:50:55.3453268Z ├──────────────────────────────────────────────────────────────────────────────────┼──────────┼─────────────────┼─────────┤
Build and Security Scan	Trivy Vulnerability Scan	2026-08-18T14:50:55.3454343Z │ app/node_modules/@radix-ui/react-use-layout-effect/package.json                  │ node-pkg │        0        │    -    │
Build and Security Scan	Trivy Vulnerability Scan	2026-08-18T14:50:55.3455505Z ├──────────────────────────────────────────────────────────────────────────────────┼──────────┼─────────────────┼─────────┤
Build and Security Scan	Trivy Vulnerability Scan	2026-08-18T14:50:55.3456631Z │ app/node_modules/@standard-schema/spec/package.json                              │ node-pkg │        0        │    -    │
Build and Security Scan	Trivy Vulnerability Scan	2026-08-18T14:50:55.3457748Z ├──────────────────────────────────────────────────────────────────────────────────┼──────────┼─────────────────┼─────────┤
Build and Security Scan	Trivy Vulnerability Scan	2026-08-18T14:50:55.3458748Z │ app/node_modules/@types/d3-array/package.json                                    │ node-pkg │        0        │    -    │
Build and Security Scan	Trivy Vulnerability Scan	2026-08-18T14:50:55.3460004Z ├──────────────────────────────────────────────────────────────────────────────────┼──────────┼─────────────────┼─────────┤
Build and Security Scan	Trivy Vulnerability Scan	2026-08-18T14:50:55.3460978Z │ app/node_modules/@types/d3-color/package.json                                    │ node-pkg │        0        │    -    │
Build and Security Scan	Trivy Vulnerability Scan	2026-08-18T14:50:55.3461728Z ├──────────────────────────────────────────────────────────────────────────────────┼──────────┼─────────────────┼─────────┤
Build and Security Scan	Trivy Vulnerability Scan	2026-08-18T14:50:55.3462658Z │ app/node_modules/@types/d3-delaunay/package.json                                 │ node-pkg │        0        │    -    │
Build and Security Scan	Trivy Vulnerability Scan	2026-08-18T14:50:55.3463430Z ├──────────────────────────────────────────────────────────────────────────────────┼──────────┼─────────────────┼─────────┤
Build and Security Scan	Trivy Vulnerability Scan	2026-08-18T14:50:55.3464122Z │ app/node_modules/@types/d3-format/package.json                                   │ node-pkg │        0        │    -    │
Build and Security Scan	Trivy Vulnerability Scan	2026-08-18T14:50:55.3464871Z ├──────────────────────────────────────────────────────────────────────────────────┼──────────┼─────────────────┼─────────┤
Build and Security Scan	Trivy Vulnerability Scan	2026-08-18T14:50:55.3465715Z │ app/node_modules/@types/d3-geo/package.json                                      │ node-pkg │        0        │    -    │
Build and Security Scan	Trivy Vulnerability Scan	2026-08-18T14:50:55.3466462Z ├──────────────────────────────────────────────────────────────────────────────────┼──────────┼─────────────────┼─────────┤
Build and Security Scan	Trivy Vulnerability Scan	2026-08-18T14:50:55.3467198Z │ app/node_modules/@types/d3-interpolate/package.json                              │ node-pkg │        0        │    -    │
Build and Security Scan	Trivy Vulnerability Scan	2026-08-18T14:50:55.3467938Z ├──────────────────────────────────────────────────────────────────────────────────┼──────────┼─────────────────┼─────────┤
Build and Security Scan	Trivy Vulnerability Scan	2026-08-18T14:50:55.3468600Z │ app/node_modules/@types/d3-path/package.json                                     │ node-pkg │        0        │    -    │
Build and Security Scan	Trivy Vulnerability Scan	2026-08-18T14:50:55.3469322Z ├──────────────────────────────────────────────────────────────────────────────────┼──────────┼─────────────────┼─────────┤
Build and Security Scan	Trivy Vulnerability Scan	2026-08-18T14:50:55.3470130Z │ app/node_modules/@types/d3-scale/package.json                                    │ node-pkg │        0        │    -    │
Build and Security Scan	Trivy Vulnerability Scan	2026-08-18T14:50:55.3470879Z ├──────────────────────────────────────────────────────────────────────────────────┼──────────┼─────────────────┼─────────┤
Build and Security Scan	Trivy Vulnerability Scan	2026-08-18T14:50:55.3471548Z │ app/node_modules/@types/d3-shape/package.json                                    │ node-pkg │        0        │    -    │
Build and Security Scan	Trivy Vulnerability Scan	2026-08-18T14:50:55.3472595Z ├──────────────────────────────────────────────────────────────────────────────────┼──────────┼─────────────────┼─────────┤
Build and Security Scan	Trivy Vulnerability Scan	2026-08-18T14:50:55.3473401Z │ app/node_modules/@types/d3-time-format/package.json                              │ node-pkg │        0        │    -    │
Build and Security Scan	Trivy Vulnerability Scan	2026-08-18T14:50:55.3474169Z ├──────────────────────────────────────────────────────────────────────────────────┼──────────┼─────────────────┼─────────┤
Build and Security Scan	Trivy Vulnerability Scan	2026-08-18T14:50:55.3474854Z │ app/node_modules/@types/d3-time/package.json                                     │ node-pkg │        0        │    -    │
Build and Security Scan	Trivy Vulnerability Scan	2026-08-18T14:50:55.3475611Z ├──────────────────────────────────────────────────────────────────────────────────┼──────────┼─────────────────┼─────────┤
Build and Security Scan	Trivy Vulnerability Scan	2026-08-18T14:50:55.3476559Z │ app/node_modules/@types/geojson/package.json                                     │ node-pkg │        0        │    -    │
Build and Security Scan	Trivy Vulnerability Scan	2026-08-18T14:50:55.3477288Z ├──────────────────────────────────────────────────────────────────────────────────┼──────────┼─────────────────┼─────────┤
Build and Security Scan	Trivy Vulnerability Scan	2026-08-18T14:50:55.3478251Z │ app/node_modules/@types/lodash/package.json                                      │ node-pkg │        0        │    -    │
Build and Security Scan	Trivy Vulnerability Scan	2026-08-18T14:50:55.3479647Z ├──────────────────────────────────────────────────────────────────────────────────┼──────────┼─────────────────┼─────────┤
Build and Security Scan	Trivy Vulnerability Scan	2026-08-18T14:50:55.3480819Z │ app/node_modules/@types/node/package.json                                        │ node-pkg │        0        │    -    │
Build and Security Scan	Trivy Vulnerability Scan	2026-08-18T14:50:55.3481764Z ├──────────────────────────────────────────────────────────────────────────────────┼──────────┼─────────────────┼─────────┤
Build and Security Scan	Trivy Vulnerability Scan	2026-08-18T14:50:55.3483019Z │ app/node_modules/@types/pg/package.json                                          │ node-pkg │        0        │    -    │
Build and Security Scan	Trivy Vulnerability Scan	2026-08-18T14:50:55.3484122Z ├──────────────────────────────────────────────────────────────────────────────────┼──────────┼─────────────────┼─────────┤
Build and Security Scan	Trivy Vulnerability Scan	2026-08-18T14:50:55.3485366Z │ app/node_modules/@types/react/package.json                                       │ node-pkg │        0        │    -    │
Build and Security Scan	Trivy Vulnerability Scan	2026-08-18T14:50:55.3486256Z ├──────────────────────────────────────────────────────────────────────────────────┼──────────┼─────────────────┼─────────┤
Build and Security Scan	Trivy Vulnerability Scan	2026-08-18T14:50:55.3486940Z │ app/node_modules/@visx/curve/package.json                                        │ node-pkg │        0        │    -    │
Build and Security Scan	Trivy Vulnerability Scan	2026-08-18T14:50:55.3487687Z ├──────────────────────────────────────────────────────────────────────────────────┼──────────┼─────────────────┼─────────┤
Build and Security Scan	Trivy Vulnerability Scan	2026-08-18T14:50:55.3488380Z │ app/node_modules/@visx/event/package.json                                        │ node-pkg │        0        │    -    │
Build and Security Scan	Trivy Vulnerability Scan	2026-08-18T14:50:55.3489273Z ├──────────────────────────────────────────────────────────────────────────────────┼──────────┼─────────────────┼─────────┤
Build and Security Scan	Trivy Vulnerability Scan	2026-08-18T14:50:55.3489939Z │ app/node_modules/@visx/grid/package.json                                         │ node-pkg │        0        │    -    │
Build and Security Scan	Trivy Vulnerability Scan	2026-08-18T14:50:55.3490653Z ├──────────────────────────────────────────────────────────────────────────────────┼──────────┼─────────────────┼─────────┤
Build and Security Scan	Trivy Vulnerability Scan	2026-08-18T14:50:55.3491307Z │ app/node_modules/@visx/group/package.json                                        │ node-pkg │        0        │    -    │
Build and Security Scan	Trivy Vulnerability Scan	2026-08-18T14:50:55.3492027Z ├──────────────────────────────────────────────────────────────────────────────────┼──────────┼─────────────────┼─────────┤
Build and Security Scan	Trivy Vulnerability Scan	2026-08-18T14:50:55.3492992Z │ app/node_modules/@visx/point/package.json                                        │ node-pkg │        0        │    -    │
Build and Security Scan	Trivy Vulnerability Scan	2026-08-18T14:50:55.3493882Z ├──────────────────────────────────────────────────────────────────────────────────┼──────────┼─────────────────┼─────────┤
Build and Security Scan	Trivy Vulnerability Scan	2026-08-18T14:50:55.3494595Z │ app/node_modules/@visx/responsive/package.json                                   │ node-pkg │        0        │    -    │
Build and Security Scan	Trivy Vulnerability Scan	2026-08-18T14:50:55.3495328Z ├──────────────────────────────────────────────────────────────────────────────────┼──────────┼─────────────────┼─────────┤
Build and Security Scan	Trivy Vulnerability Scan	2026-08-18T14:50:55.3495989Z │ app/node_modules/@visx/scale/package.json                                        │ node-pkg │        0        │    -    │
Build and Security Scan	Trivy Vulnerability Scan	2026-08-18T14:50:55.3496711Z ├──────────────────────────────────────────────────────────────────────────────────┼──────────┼─────────────────┼─────────┤
Build and Security Scan	Trivy Vulnerability Scan	2026-08-18T14:50:55.3497374Z │ app/node_modules/@visx/shape/package.json                                        │ node-pkg │        0        │    -    │
Build and Security Scan	Trivy Vulnerability Scan	2026-08-18T14:50:55.3498101Z ├──────────────────────────────────────────────────────────────────────────────────┼──────────┼─────────────────┼─────────┤
Build and Security Scan	Trivy Vulnerability Scan	2026-08-18T14:50:55.3499000Z │ app/node_modules/@visx/vendor/node_modules/d3-array/package.json                 │ node-pkg │        0        │    -    │
Build and Security Scan	Trivy Vulnerability Scan	2026-08-18T14:50:55.3499780Z ├──────────────────────────────────────────────────────────────────────────────────┼──────────┼─────────────────┼─────────┤
Build and Security Scan	Trivy Vulnerability Scan	2026-08-18T14:50:55.3500449Z │ app/node_modules/@visx/vendor/package.json                                       │ node-pkg │        0        │    -    │
Build and Security Scan	Trivy Vulnerability Scan	2026-08-18T14:50:55.3501180Z ├──────────────────────────────────────────────────────────────────────────────────┼──────────┼─────────────────┼─────────┤
Build and Security Scan	Trivy Vulnerability Scan	2026-08-18T14:50:55.3501836Z │ app/node_modules/accepts/package.json                                            │ node-pkg │        0        │    -    │
Build and Security Scan	Trivy Vulnerability Scan	2026-08-18T14:50:55.3502909Z ├──────────────────────────────────────────────────────────────────────────────────┼──────────┼─────────────────┼─────────┤
Build and Security Scan	Trivy Vulnerability Scan	2026-08-18T14:50:55.3503628Z │ app/node_modules/ajv/package.json                                                │ node-pkg │        0        │    -    │
Build and Security Scan	Trivy Vulnerability Scan	2026-08-18T14:50:55.3504375Z ├──────────────────────────────────────────────────────────────────────────────────┼──────────┼─────────────────┼─────────┤
Build and Security Scan	Trivy Vulnerability Scan	2026-08-18T14:50:55.3505070Z │ app/node_modules/aws-ssl-profiles/package.json                                   │ node-pkg │        0        │    -    │
Build and Security Scan	Trivy Vulnerability Scan	2026-08-18T14:50:55.3505818Z ├──────────────────────────────────────────────────────────────────────────────────┼──────────┼─────────────────┼─────────┤
Build and Security Scan	Trivy Vulnerability Scan	2026-08-18T14:50:55.3506491Z │ app/node_modules/better-result/package.json                                      │ node-pkg │        0        │    -    │
Build and Security Scan	Trivy Vulnerability Scan	2026-08-18T14:50:55.3507220Z ├──────────────────────────────────────────────────────────────────────────────────┼──────────┼─────────────────┼─────────┤
Build and Security Scan	Trivy Vulnerability Scan	2026-08-18T14:50:55.3507955Z │ app/node_modules/body-parser/node_modules/content-type/package.json              │ node-pkg │        0        │    -    │
Build and Security Scan	Trivy Vulnerability Scan	2026-08-18T14:50:55.3508894Z ├──────────────────────────────────────────────────────────────────────────────────┼──────────┼─────────────────┼─────────┤
Build and Security Scan	Trivy Vulnerability Scan	2026-08-18T14:50:55.3509581Z │ app/node_modules/body-parser/package.json                                        │ node-pkg │        0        │    -    │
Build and Security Scan	Trivy Vulnerability Scan	2026-08-18T14:50:55.3510303Z ├──────────────────────────────────────────────────────────────────────────────────┼──────────┼─────────────────┼─────────┤
Build and Security Scan	Trivy Vulnerability Scan	2026-08-18T14:50:55.3510968Z │ app/node_modules/bytes/package.json                                              │ node-pkg │        0        │    -    │
Build and Security Scan	Trivy Vulnerability Scan	2026-08-18T14:50:55.3511688Z ├──────────────────────────────────────────────────────────────────────────────────┼──────────┼─────────────────┼─────────┤
Build and Security Scan	Trivy Vulnerability Scan	2026-08-18T14:50:55.3512605Z │ app/node_modules/c12/package.json                                                │ node-pkg │        0        │    -    │
Build and Security Scan	Trivy Vulnerability Scan	2026-08-18T14:50:55.3513436Z ├──────────────────────────────────────────────────────────────────────────────────┼──────────┼─────────────────┼─────────┤
Build and Security Scan	Trivy Vulnerability Scan	2026-08-18T14:50:55.3514387Z │ app/node_modules/call-bind-apply-helpers/package.json                            │ node-pkg │        0        │    -    │
Build and Security Scan	Trivy Vulnerability Scan	2026-08-18T14:50:55.3515146Z ├──────────────────────────────────────────────────────────────────────────────────┼──────────┼─────────────────┼─────────┤
Build and Security Scan	Trivy Vulnerability Scan	2026-08-18T14:50:55.3515804Z │ app/node_modules/call-bound/package.json                                         │ node-pkg │        0        │    -    │
Build and Security Scan	Trivy Vulnerability Scan	2026-08-18T14:50:55.3516529Z ├──────────────────────────────────────────────────────────────────────────────────┼──────────┼─────────────────┼─────────┤
Build and Security Scan	Trivy Vulnerability Scan	2026-08-18T14:50:55.3517184Z │ app/node_modules/chokidar/package.json                                           │ node-pkg │        0        │    -    │
Build and Security Scan	Trivy Vulnerability Scan	2026-08-18T14:50:55.3517897Z ├──────────────────────────────────────────────────────────────────────────────────┼──────────┼─────────────────┼─────────┤
Build and Security Scan	Trivy Vulnerability Scan	2026-08-18T14:50:55.3518567Z │ app/node_modules/classnames/package.json                                         │ node-pkg │        0        │    -    │
Build and Security Scan	Trivy Vulnerability Scan	2026-08-18T14:50:55.3519444Z ├──────────────────────────────────────────────────────────────────────────────────┼──────────┼─────────────────┼─────────┤
Build and Security Scan	Trivy Vulnerability Scan	2026-08-18T14:50:55.3520109Z │ app/node_modules/confbox/package.json                                            │ node-pkg │        0        │    -    │
Build and Security Scan	Trivy Vulnerability Scan	2026-08-18T14:50:55.3520857Z ├──────────────────────────────────────────────────────────────────────────────────┼──────────┼─────────────────┼─────────┤
Build and Security Scan	Trivy Vulnerability Scan	2026-08-18T14:50:55.3521569Z │ app/node_modules/content-disposition/package.json                                │ node-pkg │        0        │    -    │
Build and Security Scan	Trivy Vulnerability Scan	2026-08-18T14:50:55.3522611Z ├──────────────────────────────────────────────────────────────────────────────────┼──────────┼─────────────────┼─────────┤
Build and Security Scan	Trivy Vulnerability Scan	2026-08-18T14:50:55.3523347Z │ app/node_modules/content-type/package.json                                       │ node-pkg │        0        │    -    │
Build and Security Scan	Trivy Vulnerability Scan	2026-08-18T14:50:55.3524109Z ├──────────────────────────────────────────────────────────────────────────────────┼──────────┼─────────────────┼─────────┤
Build and Security Scan	Trivy Vulnerability Scan	2026-08-18T14:50:55.3524961Z │ app/node_modules/cookie-signature/package.json                                   │ node-pkg │        0        │    -    │
Build and Security Scan	Trivy Vulnerability Scan	2026-08-18T14:50:55.3525721Z ├──────────────────────────────────────────────────────────────────────────────────┼──────────┼─────────────────┼─────────┤
Build and Security Scan	Trivy Vulnerability Scan	2026-08-18T14:50:55.3526384Z │ app/node_modules/cookie/package.json                                             │ node-pkg │        0        │    -    │
Build and Security Scan	Trivy Vulnerability Scan	2026-08-18T14:50:55.3527096Z ├──────────────────────────────────────────────────────────────────────────────────┼──────────┼─────────────────┼─────────┤
Build and Security Scan	Trivy Vulnerability Scan	2026-08-18T14:50:55.3527767Z │ app/node_modules/cross-spawn/package.json                                        │ node-pkg │        0        │    -    │
Build and Security Scan	Trivy Vulnerability Scan	2026-08-18T14:50:55.3528492Z ├──────────────────────────────────────────────────────────────────────────────────┼──────────┼─────────────────┼─────────┤
Build and Security Scan	Trivy Vulnerability Scan	2026-08-18T14:50:55.3529309Z │ app/node_modules/csstype/package.json                                            │ node-pkg │        0        │    -    │
Build and Security Scan	Trivy Vulnerability Scan	2026-08-18T14:50:55.3530019Z ├──────────────────────────────────────────────────────────────────────────────────┼──────────┼─────────────────┼─────────┤
Build and Security Scan	Trivy Vulnerability Scan	2026-08-18T14:50:55.3530674Z │ app/node_modules/d3-array/package.json                                           │ node-pkg │        0        │    -    │
Build and Security Scan	Trivy Vulnerability Scan	2026-08-18T14:50:55.3531395Z ├──────────────────────────────────────────────────────────────────────────────────┼──────────┼─────────────────┼─────────┤
Build and Security Scan	Trivy Vulnerability Scan	2026-08-18T14:50:55.3532057Z │ app/node_modules/d3-color/package.json                                           │ node-pkg │        0        │    -    │
Build and Security Scan	Trivy Vulnerability Scan	2026-08-18T14:50:55.3533083Z ├──────────────────────────────────────────────────────────────────────────────────┼──────────┼─────────────────┼─────────┤
Build and Security Scan	Trivy Vulnerability Scan	2026-08-18T14:50:55.3533781Z │ app/node_modules/d3-delaunay/package.json                                        │ node-pkg │        0        │    -    │
Build and Security Scan	Trivy Vulnerability Scan	2026-08-18T14:50:55.3534695Z ├──────────────────────────────────────────────────────────────────────────────────┼──────────┼─────────────────┼─────────┤
Build and Security Scan	Trivy Vulnerability Scan	2026-08-18T14:50:55.3535364Z │ app/node_modules/d3-format/package.json                                          │ node-pkg │        0        │    -    │
Build and Security Scan	Trivy Vulnerability Scan	2026-08-18T14:50:55.3536087Z ├──────────────────────────────────────────────────────────────────────────────────┼──────────┼─────────────────┼─────────┤
Build and Security Scan	Trivy Vulnerability Scan	2026-08-18T14:50:55.3536739Z │ app/node_modules/d3-geo/package.json                                             │ node-pkg │        0        │    -    │
Build and Security Scan	Trivy Vulnerability Scan	2026-08-18T14:50:55.3537442Z ├──────────────────────────────────────────────────────────────────────────────────┼──────────┼─────────────────┼─────────┤
Build and Security Scan	Trivy Vulnerability Scan	2026-08-18T14:50:55.3538122Z │ app/node_modules/d3-interpolate/package.json                                     │ node-pkg │        0        │    -    │
Build and Security Scan	Trivy Vulnerability Scan	2026-08-18T14:50:55.3538982Z ├──────────────────────────────────────────────────────────────────────────────────┼──────────┼─────────────────┼─────────┤
Build and Security Scan	Trivy Vulnerability Scan	2026-08-18T14:50:55.3539656Z │ app/node_modules/d3-path/package.json                                            │ node-pkg │        0        │    -    │
Build and Security Scan	Trivy Vulnerability Scan	2026-08-18T14:50:55.3540370Z ├──────────────────────────────────────────────────────────────────────────────────┼──────────┼─────────────────┼─────────┤
Build and Security Scan	Trivy Vulnerability Scan	2026-08-18T14:50:55.3541033Z │ app/node_modules/d3-scale/package.json                                           │ node-pkg │        0        │    -    │
Build and Security Scan	Trivy Vulnerability Scan	2026-08-18T14:50:55.3541750Z ├──────────────────────────────────────────────────────────────────────────────────┼──────────┼─────────────────┼─────────┤
Build and Security Scan	Trivy Vulnerability Scan	2026-08-18T14:50:55.3542696Z │ app/node_modules/d3-shape/package.json                                           │ node-pkg │        0        │    -    │
Build and Security Scan	Trivy Vulnerability Scan	2026-08-18T14:50:55.3543446Z ├──────────────────────────────────────────────────────────────────────────────────┼──────────┼─────────────────┼─────────┤
Build and Security Scan	Trivy Vulnerability Scan	2026-08-18T14:50:55.3544153Z │ app/node_modules/d3-time-format/package.json                                     │ node-pkg │        0        │    -    │
Build and Security Scan	Trivy Vulnerability Scan	2026-08-18T14:50:55.3545057Z ├──────────────────────────────────────────────────────────────────────────────────┼──────────┼─────────────────┼─────────┤
Build and Security Scan	Trivy Vulnerability Scan	2026-08-18T14:50:55.3545719Z │ app/node_modules/d3-time/package.json                                            │ node-pkg │        0        │    -    │
Build and Security Scan	Trivy Vulnerability Scan	2026-08-18T14:50:55.3546433Z ├──────────────────────────────────────────────────────────────────────────────────┼──────────┼─────────────────┼─────────┤
Build and Security Scan	Trivy Vulnerability Scan	2026-08-18T14:50:55.3547097Z │ app/node_modules/debug/package.json                                              │ node-pkg │        0        │    -    │
Build and Security Scan	Trivy Vulnerability Scan	2026-08-18T14:50:55.3547805Z ├──────────────────────────────────────────────────────────────────────────────────┼──────────┼─────────────────┼─────────┤
Build and Security Scan	Trivy Vulnerability Scan	2026-08-18T14:50:55.3548486Z │ app/node_modules/deepmerge-ts/package.json                                       │ node-pkg │        1        │    -    │
Build and Security Scan	Trivy Vulnerability Scan	2026-08-18T14:50:55.3549373Z ├──────────────────────────────────────────────────────────────────────────────────┼──────────┼─────────────────┼─────────┤
Build and Security Scan	Trivy Vulnerability Scan	2026-08-18T14:50:55.3550045Z │ app/node_modules/defu/package.json                                               │ node-pkg │        0        │    -    │
Build and Security Scan	Trivy Vulnerability Scan	2026-08-18T14:50:55.3550777Z ├──────────────────────────────────────────────────────────────────────────────────┼──────────┼─────────────────┼─────────┤
Build and Security Scan	Trivy Vulnerability Scan	2026-08-18T14:50:55.3551450Z │ app/node_modules/delaunator/package.json                                         │ node-pkg │        0        │    -    │
Build and Security Scan	Trivy Vulnerability Scan	2026-08-18T14:50:55.3552176Z ├──────────────────────────────────────────────────────────────────────────────────┼──────────┼─────────────────┼─────────┤
Build and Security Scan	Trivy Vulnerability Scan	2026-08-18T14:50:55.3553091Z │ app/node_modules/denque/package.json                                             │ node-pkg │        0        │    -    │
Build and Security Scan	Trivy Vulnerability Scan	2026-08-18T14:50:55.3553847Z ├──────────────────────────────────────────────────────────────────────────────────┼──────────┼─────────────────┼─────────┤
Build and Security Scan	Trivy Vulnerability Scan	2026-08-18T14:50:55.3554677Z │ app/node_modules/depd/package.json                                               │ node-pkg │        0        │    -    │
Build and Security Scan	Trivy Vulnerability Scan	2026-08-18T14:50:55.3555395Z ├──────────────────────────────────────────────────────────────────────────────────┼──────────┼─────────────────┼─────────┤
Build and Security Scan	Trivy Vulnerability Scan	2026-08-18T14:50:55.3556048Z │ app/node_modules/destr/package.json                                              │ node-pkg │        0        │    -    │
Build and Security Scan	Trivy Vulnerability Scan	2026-08-18T14:50:55.3556758Z ├──────────────────────────────────────────────────────────────────────────────────┼──────────┼─────────────────┼─────────┤
Build and Security Scan	Trivy Vulnerability Scan	2026-08-18T14:50:55.3557422Z │ app/node_modules/dotenv/package.json                                             │ node-pkg │        0        │    -    │
Build and Security Scan	Trivy Vulnerability Scan	2026-08-18T14:50:55.3558136Z ├──────────────────────────────────────────────────────────────────────────────────┼──────────┼─────────────────┼─────────┤
Build and Security Scan	Trivy Vulnerability Scan	2026-08-18T14:50:55.3558942Z │ app/node_modules/dunder-proto/package.json                                       │ node-pkg │        0        │    -    │
Build and Security Scan	Trivy Vulnerability Scan	2026-08-18T14:50:55.3559696Z ├──────────────────────────────────────────────────────────────────────────────────┼──────────┼─────────────────┼─────────┤
Build and Security Scan	Trivy Vulnerability Scan	2026-08-18T14:50:55.3560356Z │ app/node_modules/ee-first/package.json                                           │ node-pkg │        0        │    -    │
Build and Security Scan	Trivy Vulnerability Scan	2026-08-18T14:50:55.3561082Z ├──────────────────────────────────────────────────────────────────────────────────┼──────────┼─────────────────┼─────────┤
Build and Security Scan	Trivy Vulnerability Scan	2026-08-18T14:50:55.3561741Z │ app/node_modules/effect/package.json                                             │ node-pkg │        0        │    -    │
Build and Security Scan	Trivy Vulnerability Scan	2026-08-18T14:50:55.3562736Z ├──────────────────────────────────────────────────────────────────────────────────┼──────────┼─────────────────┼─────────┤
Build and Security Scan	Trivy Vulnerability Scan	2026-08-18T14:50:55.3563413Z │ app/node_modules/elkjs/package.json                                              │ node-pkg │        0        │    -    │
Build and Security Scan	Trivy Vulnerability Scan	2026-08-18T14:50:55.3564350Z ├──────────────────────────────────────────────────────────────────────────────────┼──────────┼─────────────────┼─────────┤
Build and Security Scan	Trivy Vulnerability Scan	2026-08-18T14:50:55.3565021Z │ app/node_modules/empathic/package.json                                           │ node-pkg │        0        │    -    │
Build and Security Scan	Trivy Vulnerability Scan	2026-08-18T14:50:55.3565751Z ├──────────────────────────────────────────────────────────────────────────────────┼──────────┼─────────────────┼─────────┤
Build and Security Scan	Trivy Vulnerability Scan	2026-08-18T14:50:55.3566431Z │ app/node_modules/encodeurl/package.json                                          │ node-pkg │        0        │    -    │
Build and Security Scan	Trivy Vulnerability Scan	2026-08-18T14:50:55.3567155Z ├──────────────────────────────────────────────────────────────────────────────────┼──────────┼─────────────────┼─────────┤
Build and Security Scan	Trivy Vulnerability Scan	2026-08-18T14:50:55.3567829Z │ app/node_modules/env-paths/package.json                                          │ node-pkg │        0        │    -    │
Build and Security Scan	Trivy Vulnerability Scan	2026-08-18T14:50:55.3568567Z ├──────────────────────────────────────────────────────────────────────────────────┼──────────┼─────────────────┼─────────┤
Build and Security Scan	Trivy Vulnerability Scan	2026-08-18T14:50:55.3569280Z │ app/node_modules/es-define-property/package.json                                 │ node-pkg │        0        │    -    │
Build and Security Scan	Trivy Vulnerability Scan	2026-08-18T14:50:55.3570033Z ├──────────────────────────────────────────────────────────────────────────────────┼──────────┼─────────────────┼─────────┤
Build and Security Scan	Trivy Vulnerability Scan	2026-08-18T14:50:55.3570705Z │ app/node_modules/es-errors/package.json                                          │ node-pkg │        0        │    -    │
Build and Security Scan	Trivy Vulnerability Scan	2026-08-18T14:50:55.3571420Z ├──────────────────────────────────────────────────────────────────────────────────┼──────────┼─────────────────┼─────────┤
Build and Security Scan	Trivy Vulnerability Scan	2026-08-18T14:50:55.3572108Z │ app/node_modules/es-object-atoms/package.json                                    │ node-pkg │        0        │    -    │
Build and Security Scan	Trivy Vulnerability Scan	2026-08-18T14:50:55.3573132Z ├──────────────────────────────────────────────────────────────────────────────────┼──────────┼─────────────────┼─────────┤
Build and Security Scan	Trivy Vulnerability Scan	2026-08-18T14:50:55.3573985Z │ app/node_modules/escape-html/package.json                                        │ node-pkg │        0        │    -    │
Build and Security Scan	Trivy Vulnerability Scan	2026-08-18T14:50:55.3574747Z ├──────────────────────────────────────────────────────────────────────────────────┼──────────┼─────────────────┼─────────┤
Build and Security Scan	Trivy Vulnerability Scan	2026-08-18T14:50:55.3575403Z │ app/node_modules/etag/package.json                                               │ node-pkg │        0        │    -    │
Build and Security Scan	Trivy Vulnerability Scan	2026-08-18T14:50:55.3576107Z ├──────────────────────────────────────────────────────────────────────────────────┼──────────┼─────────────────┼─────────┤
Build and Security Scan	Trivy Vulnerability Scan	2026-08-18T14:50:55.3576769Z │ app/node_modules/express/package.json                                            │ node-pkg │        0        │    -    │
Build and Security Scan	Trivy Vulnerability Scan	2026-08-18T14:50:55.3577485Z ├──────────────────────────────────────────────────────────────────────────────────┼──────────┼─────────────────┼─────────┤
Build and Security Scan	Trivy Vulnerability Scan	2026-08-18T14:50:55.3578143Z │ app/node_modules/exsolve/package.json                                            │ node-pkg │        0        │    -    │
Build and Security Scan	Trivy Vulnerability Scan	2026-08-18T14:50:55.3579016Z ├──────────────────────────────────────────────────────────────────────────────────┼──────────┼─────────────────┼─────────┤
Build and Security Scan	Trivy Vulnerability Scan	2026-08-18T14:50:55.3579680Z │ app/node_modules/fast-check/package.json                                         │ node-pkg │        0        │    -    │
Build and Security Scan	Trivy Vulnerability Scan	2026-08-18T14:50:55.3580400Z ├──────────────────────────────────────────────────────────────────────────────────┼──────────┼─────────────────┼─────────┤
Build and Security Scan	Trivy Vulnerability Scan	2026-08-18T14:50:55.3581138Z │ app/node_modules/fast-decode-uri-component/package.json                          │ node-pkg │        0        │    -    │
Build and Security Scan	Trivy Vulnerability Scan	2026-08-18T14:50:55.3581968Z ├──────────────────────────────────────────────────────────────────────────────────┼──────────┼─────────────────┼─────────┤
Build and Security Scan	Trivy Vulnerability Scan	2026-08-18T14:50:55.3583078Z │ app/node_modules/fast-deep-equal/package.json                                    │ node-pkg │        0        │    -    │
Build and Security Scan	Trivy Vulnerability Scan	2026-08-18T14:50:55.3583856Z ├──────────────────────────────────────────────────────────────────────────────────┼──────────┼─────────────────┼─────────┤
Build and Security Scan	Trivy Vulnerability Scan	2026-08-18T14:50:55.3584772Z │ app/node_modules/fast-querystring/package.json                                   │ node-pkg │        0        │    -    │
Build and Security Scan	Trivy Vulnerability Scan	2026-08-18T14:50:55.3585517Z ├──────────────────────────────────────────────────────────────────────────────────┼──────────┼─────────────────┼─────────┤
Build and Security Scan	Trivy Vulnerability Scan	2026-08-18T14:50:55.3586218Z │ app/node_modules/fast-uri/benchmark/package.json                                 │ node-pkg │        0        │    -    │
Build and Security Scan	Trivy Vulnerability Scan	2026-08-18T14:50:55.3586958Z ├──────────────────────────────────────────────────────────────────────────────────┼──────────┼─────────────────┼─────────┤
Build and Security Scan	Trivy Vulnerability Scan	2026-08-18T14:50:55.3587621Z │ app/node_modules/fast-uri/package.json                                           │ node-pkg │        0        │    -    │
Build and Security Scan	Trivy Vulnerability Scan	2026-08-18T14:50:55.3588333Z ├──────────────────────────────────────────────────────────────────────────────────┼──────────┼─────────────────┼─────────┤
Build and Security Scan	Trivy Vulnerability Scan	2026-08-18T14:50:55.3589024Z │ app/node_modules/finalhandler/package.json                                       │ node-pkg │        0        │    -    │
Build and Security Scan	Trivy Vulnerability Scan	2026-08-18T14:50:55.3589891Z ├──────────────────────────────────────────────────────────────────────────────────┼──────────┼─────────────────┼─────────┤
Build and Security Scan	Trivy Vulnerability Scan	2026-08-18T14:50:55.3590561Z │ app/node_modules/find-my-way/package.json                                        │ node-pkg │        0        │    -    │
Build and Security Scan	Trivy Vulnerability Scan	2026-08-18T14:50:55.3591281Z ├──────────────────────────────────────────────────────────────────────────────────┼──────────┼─────────────────┼─────────┤
Build and Security Scan	Trivy Vulnerability Scan	2026-08-18T14:50:55.3591968Z │ app/node_modules/foreground-child/package.json                                   │ node-pkg │        0        │    -    │
Build and Security Scan	Trivy Vulnerability Scan	2026-08-18T14:50:55.3592947Z ├──────────────────────────────────────────────────────────────────────────────────┼──────────┼─────────────────┼─────────┤
Build and Security Scan	Trivy Vulnerability Scan	2026-08-18T14:50:55.3593634Z │ app/node_modules/forwarded/package.json                                          │ node-pkg │        0        │    -    │
Build and Security Scan	Trivy Vulnerability Scan	2026-08-18T14:50:55.3594546Z ├──────────────────────────────────────────────────────────────────────────────────┼──────────┼─────────────────┼─────────┤
Build and Security Scan	Trivy Vulnerability Scan	2026-08-18T14:50:55.3595203Z │ app/node_modules/fresh/package.json                                              │ node-pkg │        0        │    -    │
Build and Security Scan	Trivy Vulnerability Scan	2026-08-18T14:50:55.3595914Z ├──────────────────────────────────────────────────────────────────────────────────┼──────────┼─────────────────┼─────────┤
Build and Security Scan	Trivy Vulnerability Scan	2026-08-18T14:50:55.3596595Z │ app/node_modules/function-bind/package.json                                      │ node-pkg │        0        │    -    │
Build and Security Scan	Trivy Vulnerability Scan	2026-08-18T14:50:55.3597329Z ├──────────────────────────────────────────────────────────────────────────────────┼──────────┼─────────────────┼─────────┤
Build and Security Scan	Trivy Vulnerability Scan	2026-08-18T14:50:55.3598012Z │ app/node_modules/generate-function/package.json                                  │ node-pkg │        0        │    -    │
Build and Security Scan	Trivy Vulnerability Scan	2026-08-18T14:50:55.3598758Z ├──────────────────────────────────────────────────────────────────────────────────┼──────────┼─────────────────┼─────────┤
Build and Security Scan	Trivy Vulnerability Scan	2026-08-18T14:50:55.3599589Z │ app/node_modules/get-intrinsic/package.json                                      │ node-pkg │        0        │    -    │
Build and Security Scan	Trivy Vulnerability Scan	2026-08-18T14:50:55.3600328Z ├──────────────────────────────────────────────────────────────────────────────────┼──────────┼─────────────────┼─────────┤
Build and Security Scan	Trivy Vulnerability Scan	2026-08-18T14:50:55.3601024Z │ app/node_modules/get-port-please/package.json                                    │ node-pkg │        0        │    -    │
Build and Security Scan	Trivy Vulnerability Scan	2026-08-18T14:50:55.3601760Z ├──────────────────────────────────────────────────────────────────────────────────┼──────────┼─────────────────┼─────────┤
Build and Security Scan	Trivy Vulnerability Scan	2026-08-18T14:50:55.3602732Z │ app/node_modules/get-proto/package.json                                          │ node-pkg │        0        │    -    │
Build and Security Scan	Trivy Vulnerability Scan	2026-08-18T14:50:55.3603501Z ├──────────────────────────────────────────────────────────────────────────────────┼──────────┼─────────────────┼─────────┤
Build and Security Scan	Trivy Vulnerability Scan	2026-08-18T14:50:55.3604330Z │ app/node_modules/giget/package.json                                              │ node-pkg │        0        │    -    │
Build and Security Scan	Trivy Vulnerability Scan	2026-08-18T14:50:55.3605072Z ├──────────────────────────────────────────────────────────────────────────────────┼──────────┼─────────────────┼─────────┤
Build and Security Scan	Trivy Vulnerability Scan	2026-08-18T14:50:55.3605724Z │ app/node_modules/gopd/package.json                                               │ node-pkg │        0        │    -    │
Build and Security Scan	Trivy Vulnerability Scan	2026-08-18T14:50:55.3606432Z ├──────────────────────────────────────────────────────────────────────────────────┼──────────┼─────────────────┼─────────┤
Build and Security Scan	Trivy Vulnerability Scan	2026-08-18T14:50:55.3607125Z │ app/node_modules/graceful-fs/package.json                                        │ node-pkg │        0        │    -    │
Build and Security Scan	Trivy Vulnerability Scan	2026-08-18T14:50:55.3607865Z ├──────────────────────────────────────────────────────────────────────────────────┼──────────┼─────────────────┼─────────┤
Build and Security Scan	Trivy Vulnerability Scan	2026-08-18T14:50:55.3608532Z │ app/node_modules/grammex/package.json                                            │ node-pkg │        0        │    -    │
Build and Security Scan	Trivy Vulnerability Scan	2026-08-18T14:50:55.3609278Z ├──────────────────────────────────────────────────────────────────────────────────┼──────────┼─────────────────┼─────────┤
Build and Security Scan	Trivy Vulnerability Scan	2026-08-18T14:50:55.3610083Z │ app/node_modules/graphmatch/package.json                                         │ node-pkg │        0        │    -    │
Build and Security Scan	Trivy Vulnerability Scan	2026-08-18T14:50:55.3610818Z ├──────────────────────────────────────────────────────────────────────────────────┼──────────┼─────────────────┼─────────┤
Build and Security Scan	Trivy Vulnerability Scan	2026-08-18T14:50:55.3611496Z │ app/node_modules/has-symbols/package.json                                        │ node-pkg │        0        │    -    │
Build and Security Scan	Trivy Vulnerability Scan	2026-08-18T14:50:55.3612221Z ├──────────────────────────────────────────────────────────────────────────────────┼──────────┼─────────────────┼─────────┤
Build and Security Scan	Trivy Vulnerability Scan	2026-08-18T14:50:55.3613662Z │ app/node_modules/hasown/package.json                                             │ node-pkg │        0        │    -    │
Build and Security Scan	Trivy Vulnerability Scan	2026-08-18T14:50:55.3614525Z ├──────────────────────────────────────────────────────────────────────────────────┼──────────┼─────────────────┼─────────┤
Build and Security Scan	Trivy Vulnerability Scan	2026-08-18T14:50:55.3615410Z │ app/node_modules/http-errors/package.json                                        │ node-pkg │        0        │    -    │
Build and Security Scan	Trivy Vulnerability Scan	2026-08-18T14:50:55.3616137Z ├──────────────────────────────────────────────────────────────────────────────────┼──────────┼─────────────────┼─────────┤
Build and Security Scan	Trivy Vulnerability Scan	2026-08-18T14:50:55.3616806Z │ app/node_modules/iconv-lite/package.json                                         │ node-pkg │        0        │    -    │
Build and Security Scan	Trivy Vulnerability Scan	2026-08-18T14:50:55.3617526Z ├──────────────────────────────────────────────────────────────────────────────────┼──────────┼─────────────────┼─────────┤
Build and Security Scan	Trivy Vulnerability Scan	2026-08-18T14:50:55.3618193Z │ app/node_modules/inherits/package.json                                           │ node-pkg │        0        │    -    │
Build and Security Scan	Trivy Vulnerability Scan	2026-08-18T14:50:55.3618915Z ├──────────────────────────────────────────────────────────────────────────────────┼──────────┼─────────────────┼─────────┤
Build and Security Scan	Trivy Vulnerability Scan	2026-08-18T14:50:55.3619599Z │ app/node_modules/internmap/package.json                                          │ node-pkg │        0        │    -    │
Build and Security Scan	Trivy Vulnerability Scan	2026-08-18T14:50:55.3620451Z ├──────────────────────────────────────────────────────────────────────────────────┼──────────┼─────────────────┼─────────┤
Build and Security Scan	Trivy Vulnerability Scan	2026-08-18T14:50:55.3621121Z │ app/node_modules/ipaddr.js/package.json                                          │ node-pkg │        0        │    -    │
Build and Security Scan	Trivy Vulnerability Scan	2026-08-18T14:50:55.3621837Z ├──────────────────────────────────────────────────────────────────────────────────┼──────────┼─────────────────┼─────────┤
Build and Security Scan	Trivy Vulnerability Scan	2026-08-18T14:50:55.3622801Z │ app/node_modules/is-promise/package.json                                         │ node-pkg │        0        │    -    │
Build and Security Scan	Trivy Vulnerability Scan	2026-08-18T14:50:55.3623562Z ├──────────────────────────────────────────────────────────────────────────────────┼──────────┼─────────────────┼─────────┤
Build and Security Scan	Trivy Vulnerability Scan	2026-08-18T14:50:55.3624238Z │ app/node_modules/is-property/package.json                                        │ node-pkg │        0        │    -    │
Build and Security Scan	Trivy Vulnerability Scan	2026-08-18T14:50:55.3625138Z ├──────────────────────────────────────────────────────────────────────────────────┼──────────┼─────────────────┼─────────┤
Build and Security Scan	Trivy Vulnerability Scan	2026-08-18T14:50:55.3625823Z │ app/node_modules/isexe/package.json                                              │ node-pkg │        0        │    -    │
Build and Security Scan	Trivy Vulnerability Scan	2026-08-18T14:50:55.3626537Z ├──────────────────────────────────────────────────────────────────────────────────┼──────────┼─────────────────┼─────────┤
Build and Security Scan	Trivy Vulnerability Scan	2026-08-18T14:50:55.3627195Z │ app/node_modules/jiti/package.json                                               │ node-pkg │        0        │    -    │
Build and Security Scan	Trivy Vulnerability Scan	2026-08-18T14:50:55.3627901Z ├──────────────────────────────────────────────────────────────────────────────────┼──────────┼─────────────────┼─────────┤
Build and Security Scan	Trivy Vulnerability Scan	2026-08-18T14:50:55.3628602Z │ app/node_modules/json-schema-traverse/package.json                               │ node-pkg │        0        │    -    │
Build and Security Scan	Trivy Vulnerability Scan	2026-08-18T14:50:55.3629364Z ├──────────────────────────────────────────────────────────────────────────────────┼──────────┼─────────────────┼─────────┤
Build and Security Scan	Trivy Vulnerability Scan	2026-08-18T14:50:55.3630058Z │ app/node_modules/lodash/package.json                                             │ node-pkg │        0        │    -    │
Build and Security Scan	Trivy Vulnerability Scan	2026-08-18T14:50:55.3630770Z ├──────────────────────────────────────────────────────────────────────────────────┼──────────┼─────────────────┼─────────┤
Build and Security Scan	Trivy Vulnerability Scan	2026-08-18T14:50:55.3631426Z │ app/node_modules/long/package.json                                               │ node-pkg │        0        │    -    │
Build and Security Scan	Trivy Vulnerability Scan	2026-08-18T14:50:55.3632131Z ├──────────────────────────────────────────────────────────────────────────────────┼──────────┼─────────────────┼─────────┤
Build and Security Scan	Trivy Vulnerability Scan	2026-08-18T14:50:55.3633036Z │ app/node_modules/lru.min/package.json                                            │ node-pkg │        0        │    -    │
Build and Security Scan	Trivy Vulnerability Scan	2026-08-18T14:50:55.3633755Z ├──────────────────────────────────────────────────────────────────────────────────┼──────────┼─────────────────┼─────────┤
Build and Security Scan	Trivy Vulnerability Scan	2026-08-18T14:50:55.3634456Z │ app/node_modules/math-intrinsics/package.json                                    │ node-pkg │        0        │    -    │
Build and Security Scan	Trivy Vulnerability Scan	2026-08-18T14:50:55.3635344Z ├──────────────────────────────────────────────────────────────────────────────────┼──────────┼─────────────────┼─────────┤
Build and Security Scan	Trivy Vulnerability Scan	2026-08-18T14:50:55.3636022Z │ app/node_modules/media-typer/package.json                                        │ node-pkg │        0        │    -    │
Build and Security Scan	Trivy Vulnerability Scan	2026-08-18T14:50:55.3636752Z ├──────────────────────────────────────────────────────────────────────────────────┼──────────┼─────────────────┼─────────┤
Build and Security Scan	Trivy Vulnerability Scan	2026-08-18T14:50:55.3637444Z │ app/node_modules/merge-descriptors/package.json                                  │ node-pkg │        0        │    -    │
Build and Security Scan	Trivy Vulnerability Scan	2026-08-18T14:50:55.3638195Z ├──────────────────────────────────────────────────────────────────────────────────┼──────────┼─────────────────┼─────────┤
Build and Security Scan	Trivy Vulnerability Scan	2026-08-18T14:50:55.3638855Z │ app/node_modules/mime-db/package.json                                            │ node-pkg │        0        │    -    │
Build and Security Scan	Trivy Vulnerability Scan	2026-08-18T14:50:55.3639699Z ├──────────────────────────────────────────────────────────────────────────────────┼──────────┼─────────────────┼─────────┤
Build and Security Scan	Trivy Vulnerability Scan	2026-08-18T14:50:55.3640398Z │ app/node_modules/mime-types/package.json                                         │ node-pkg │        0        │    -    │
Build and Security Scan	Trivy Vulnerability Scan	2026-08-18T14:50:55.3641129Z ├──────────────────────────────────────────────────────────────────────────────────┼──────────┼─────────────────┼─────────┤
Build and Security Scan	Trivy Vulnerability Scan	2026-08-18T14:50:55.3641776Z │ app/node_modules/ms/package.json                                                 │ node-pkg │        0        │    -    │
Build and Security Scan	Trivy Vulnerability Scan	2026-08-18T14:50:55.3642752Z ├──────────────────────────────────────────────────────────────────────────────────┼──────────┼─────────────────┼─────────┤
Build and Security Scan	Trivy Vulnerability Scan	2026-08-18T14:50:55.3643441Z │ app/node_modules/mysql2/package.json                                             │ node-pkg │        0        │    -    │
Build and Security Scan	Trivy Vulnerability Scan	2026-08-18T14:50:55.3644166Z ├──────────────────────────────────────────────────────────────────────────────────┼──────────┼─────────────────┼─────────┤
Build and Security Scan	Trivy Vulnerability Scan	2026-08-18T14:50:55.3645045Z │ app/node_modules/named-placeholders/package.json                                 │ node-pkg │        0        │    -    │
Build and Security Scan	Trivy Vulnerability Scan	2026-08-18T14:50:55.3645793Z ├──────────────────────────────────────────────────────────────────────────────────┼──────────┼─────────────────┼─────────┤
Build and Security Scan	Trivy Vulnerability Scan	2026-08-18T14:50:55.3646469Z │ app/node_modules/negotiator/package.json                                         │ node-pkg │        0        │    -    │
Build and Security Scan	Trivy Vulnerability Scan	2026-08-18T14:50:55.3647191Z ├──────────────────────────────────────────────────────────────────────────────────┼──────────┼─────────────────┼─────────┤
Build and Security Scan	Trivy Vulnerability Scan	2026-08-18T14:50:55.3647868Z │ app/node_modules/object-inspect/package.json                                     │ node-pkg │        0        │    -    │
Build and Security Scan	Trivy Vulnerability Scan	2026-08-18T14:50:55.3648607Z ├──────────────────────────────────────────────────────────────────────────────────┼──────────┼─────────────────┼─────────┤
Build and Security Scan	Trivy Vulnerability Scan	2026-08-18T14:50:55.3649257Z │ app/node_modules/ohash/package.json                                              │ node-pkg │        0        │    -    │
Build and Security Scan	Trivy Vulnerability Scan	2026-08-18T14:50:55.3650153Z ├──────────────────────────────────────────────────────────────────────────────────┼──────────┼─────────────────┼─────────┤
Build and Security Scan	Trivy Vulnerability Scan	2026-08-18T14:50:55.3650829Z │ app/node_modules/on-finished/package.json                                        │ node-pkg │        0        │    -    │
Build and Security Scan	Trivy Vulnerability Scan	2026-08-18T14:50:55.3651552Z ├──────────────────────────────────────────────────────────────────────────────────┼──────────┼─────────────────┼─────────┤
Build and Security Scan	Trivy Vulnerability Scan	2026-08-18T14:50:55.3652196Z │ app/node_modules/once/package.json                                               │ node-pkg │        0        │    -    │
Build and Security Scan	Trivy Vulnerability Scan	2026-08-18T14:50:55.3653148Z ├──────────────────────────────────────────────────────────────────────────────────┼──────────┼─────────────────┼─────────┤
Build and Security Scan	Trivy Vulnerability Scan	2026-08-18T14:50:55.3653817Z │ app/node_modules/parseurl/package.json                                           │ node-pkg │        0        │    -    │
Build and Security Scan	Trivy Vulnerability Scan	2026-08-18T14:50:55.3654558Z ├──────────────────────────────────────────────────────────────────────────────────┼──────────┼─────────────────┼─────────┤
Build and Security Scan	Trivy Vulnerability Scan	2026-08-18T14:50:55.3655372Z │ app/node_modules/path-key/package.json                                           │ node-pkg │        0        │    -    │
Build and Security Scan	Trivy Vulnerability Scan	2026-08-18T14:50:55.3656089Z ├──────────────────────────────────────────────────────────────────────────────────┼──────────┼─────────────────┼─────────┤
Build and Security Scan	Trivy Vulnerability Scan	2026-08-18T14:50:55.3656764Z │ app/node_modules/path-to-regexp/package.json                                     │ node-pkg │        0        │    -    │
Build and Security Scan	Trivy Vulnerability Scan	2026-08-18T14:50:55.3657501Z ├──────────────────────────────────────────────────────────────────────────────────┼──────────┼─────────────────┼─────────┤
Build and Security Scan	Trivy Vulnerability Scan	2026-08-18T14:50:55.3658153Z │ app/node_modules/pathe/package.json                                              │ node-pkg │        0        │    -    │
Build and Security Scan	Trivy Vulnerability Scan	2026-08-18T14:50:55.3658864Z ├──────────────────────────────────────────────────────────────────────────────────┼──────────┼─────────────────┼─────────┤
Build and Security Scan	Trivy Vulnerability Scan	2026-08-18T14:50:55.3659687Z │ app/node_modules/perfect-debounce/package.json                                   │ node-pkg │        0        │    -    │
Build and Security Scan	Trivy Vulnerability Scan	2026-08-18T14:50:55.3660447Z ├──────────────────────────────────────────────────────────────────────────────────┼──────────┼─────────────────┼─────────┤
Build and Security Scan	Trivy Vulnerability Scan	2026-08-18T14:50:55.3661126Z │ app/node_modules/pg-cloudflare/package.json                                      │ node-pkg │        0        │    -    │
Build and Security Scan	Trivy Vulnerability Scan	2026-08-18T14:50:55.3661858Z ├──────────────────────────────────────────────────────────────────────────────────┼──────────┼─────────────────┼─────────┤
Build and Security Scan	Trivy Vulnerability Scan	2026-08-18T14:50:55.3662816Z │ app/node_modules/pg-connection-string/package.json                               │ node-pkg │        0        │    -    │
Build and Security Scan	Trivy Vulnerability Scan	2026-08-18T14:50:55.3663584Z ├──────────────────────────────────────────────────────────────────────────────────┼──────────┼─────────────────┼─────────┤
Build and Security Scan	Trivy Vulnerability Scan	2026-08-18T14:50:55.3664244Z │ app/node_modules/pg-int8/package.json                                            │ node-pkg │        0        │    -    │
Build and Security Scan	Trivy Vulnerability Scan	2026-08-18T14:50:55.3665140Z ├──────────────────────────────────────────────────────────────────────────────────┼──────────┼─────────────────┼─────────┤
Build and Security Scan	Trivy Vulnerability Scan	2026-08-18T14:50:55.3665803Z │ app/node_modules/pg-pool/package.json                                            │ node-pkg │        0        │    -    │
Build and Security Scan	Trivy Vulnerability Scan	2026-08-18T14:50:55.3666511Z ├──────────────────────────────────────────────────────────────────────────────────┼──────────┼─────────────────┼─────────┤
Build and Security Scan	Trivy Vulnerability Scan	2026-08-18T14:50:55.3667177Z │ app/node_modules/pg-protocol/package.json                                        │ node-pkg │        0        │    -    │
Build and Security Scan	Trivy Vulnerability Scan	2026-08-18T14:50:55.3667911Z ├──────────────────────────────────────────────────────────────────────────────────┼──────────┼─────────────────┼─────────┤
Build and Security Scan	Trivy Vulnerability Scan	2026-08-18T14:50:55.3668639Z │ app/node_modules/pg-types/node_modules/postgres-array/package.json               │ node-pkg │        0        │    -    │
Build and Security Scan	Trivy Vulnerability Scan	2026-08-18T14:50:55.3669582Z ├──────────────────────────────────────────────────────────────────────────────────┼──────────┼─────────────────┼─────────┤
Build and Security Scan	Trivy Vulnerability Scan	2026-08-18T14:50:55.3670274Z │ app/node_modules/pg-types/package.json                                           │ node-pkg │        0        │    -    │
Build and Security Scan	Trivy Vulnerability Scan	2026-08-18T14:50:55.3670988Z ├──────────────────────────────────────────────────────────────────────────────────┼──────────┼─────────────────┼─────────┤
Build and Security Scan	Trivy Vulnerability Scan	2026-08-18T14:50:55.3671633Z │ app/node_modules/pg/package.json                                                 │ node-pkg │        0        │    -    │
Build and Security Scan	Trivy Vulnerability Scan	2026-08-18T14:50:55.3672610Z ├──────────────────────────────────────────────────────────────────────────────────┼──────────┼─────────────────┼─────────┤
Build and Security Scan	Trivy Vulnerability Scan	2026-08-18T14:50:55.3673330Z │ app/node_modules/pgpass/package.json                                             │ node-pkg │        0        │    -    │
Build and Security Scan	Trivy Vulnerability Scan	2026-08-18T14:50:55.3674055Z ├──────────────────────────────────────────────────────────────────────────────────┼──────────┼─────────────────┼─────────┤
Build and Security Scan	Trivy Vulnerability Scan	2026-08-18T14:50:55.3674751Z │ app/node_modules/pkg-types/package.json                                          │ node-pkg │        0        │    -    │
Build and Security Scan	Trivy Vulnerability Scan	2026-08-18T14:50:55.3675637Z ├──────────────────────────────────────────────────────────────────────────────────┼──────────┼─────────────────┼─────────┤
Build and Security Scan	Trivy Vulnerability Scan	2026-08-18T14:50:55.3676318Z │ app/node_modules/postgres-array/package.json                                     │ node-pkg │        0        │    -    │
Build and Security Scan	Trivy Vulnerability Scan	2026-08-18T14:50:55.3677060Z ├──────────────────────────────────────────────────────────────────────────────────┼──────────┼─────────────────┼─────────┤
Build and Security Scan	Trivy Vulnerability Scan	2026-08-18T14:50:55.3677738Z │ app/node_modules/postgres-bytea/package.json                                     │ node-pkg │        0        │    -    │
Build and Security Scan	Trivy Vulnerability Scan	2026-08-18T14:50:55.3678478Z ├──────────────────────────────────────────────────────────────────────────────────┼──────────┼─────────────────┼─────────┤
Build and Security Scan	Trivy Vulnerability Scan	2026-08-18T14:50:55.3679153Z │ app/node_modules/postgres-date/package.json                                      │ node-pkg │        0        │    -    │
Build and Security Scan	Trivy Vulnerability Scan	2026-08-18T14:50:55.3680038Z ├──────────────────────────────────────────────────────────────────────────────────┼──────────┼─────────────────┼─────────┤
Build and Security Scan	Trivy Vulnerability Scan	2026-08-18T14:50:55.3680724Z │ app/node_modules/postgres-interval/package.json                                  │ node-pkg │        0        │    -    │
Build and Security Scan	Trivy Vulnerability Scan	2026-08-18T14:50:55.3681477Z ├──────────────────────────────────────────────────────────────────────────────────┼──────────┼─────────────────┼─────────┤
Build and Security Scan	Trivy Vulnerability Scan	2026-08-18T14:50:55.3682186Z │ app/node_modules/postgres/package.json                                           │ node-pkg │        0        │    -    │
Build and Security Scan	Trivy Vulnerability Scan	2026-08-18T14:50:55.3683069Z ├──────────────────────────────────────────────────────────────────────────────────┼──────────┼─────────────────┼─────────┤
Build and Security Scan	Trivy Vulnerability Scan	2026-08-18T14:50:55.3683732Z │ app/node_modules/prisma/package.json                                             │ node-pkg │        0        │    -    │
Build and Security Scan	Trivy Vulnerability Scan	2026-08-18T14:50:55.3684465Z ├──────────────────────────────────────────────────────────────────────────────────┼──────────┼─────────────────┼─────────┤
Build and Security Scan	Trivy Vulnerability Scan	2026-08-18T14:50:55.3685371Z │ app/node_modules/proper-lockfile/node_modules/signal-exit/package.json           │ node-pkg │        0        │    -    │
Build and Security Scan	Trivy Vulnerability Scan	2026-08-18T14:50:55.3686176Z ├──────────────────────────────────────────────────────────────────────────────────┼──────────┼─────────────────┼─────────┤
Build and Security Scan	Trivy Vulnerability Scan	2026-08-18T14:50:55.3686860Z │ app/node_modules/proper-lockfile/package.json                                    │ node-pkg │        0        │    -    │
Build and Security Scan	Trivy Vulnerability Scan	2026-08-18T14:50:55.3687601Z ├──────────────────────────────────────────────────────────────────────────────────┼──────────┼─────────────────┼─────────┤
Build and Security Scan	Trivy Vulnerability Scan	2026-08-18T14:50:55.3688272Z │ app/node_modules/proxy-addr/package.json                                         │ node-pkg │        0        │    -    │
Build and Security Scan	Trivy Vulnerability Scan	2026-08-18T14:50:55.3688997Z ├──────────────────────────────────────────────────────────────────────────────────┼──────────┼─────────────────┼─────────┤
Build and Security Scan	Trivy Vulnerability Scan	2026-08-18T14:50:55.3689687Z │ app/node_modules/pure-rand/package.json                                          │ node-pkg │        0        │    -    │
Build and Security Scan	Trivy Vulnerability Scan	2026-08-18T14:50:55.3690425Z ├──────────────────────────────────────────────────────────────────────────────────┼──────────┼─────────────────┼─────────┤
Build and Security Scan	Trivy Vulnerability Scan	2026-08-18T14:50:55.3691071Z │ app/node_modules/qs/package.json                                                 │ node-pkg │        0        │    -    │
Build and Security Scan	Trivy Vulnerability Scan	2026-08-18T14:50:55.3691782Z ├──────────────────────────────────────────────────────────────────────────────────┼──────────┼─────────────────┼─────────┤
Build and Security Scan	Trivy Vulnerability Scan	2026-08-18T14:50:55.3692585Z │ app/node_modules/range-parser/package.json                                       │ node-pkg │        0        │    -    │
Build and Security Scan	Trivy Vulnerability Scan	2026-08-18T14:50:55.3693323Z ├──────────────────────────────────────────────────────────────────────────────────┼──────────┼─────────────────┼─────────┤
Build and Security Scan	Trivy Vulnerability Scan	2026-08-18T14:50:55.3693997Z │ app/node_modules/raw-body/package.json                                           │ node-pkg │        0        │    -    │
Build and Security Scan	Trivy Vulnerability Scan	2026-08-18T14:50:55.3694878Z ├──────────────────────────────────────────────────────────────────────────────────┼──────────┼─────────────────┼─────────┤
Build and Security Scan	Trivy Vulnerability Scan	2026-08-18T14:50:55.3695528Z │ app/node_modules/rc9/package.json                                                │ node-pkg │        0        │    -    │
Build and Security Scan	Trivy Vulnerability Scan	2026-08-18T14:50:55.3696245Z ├──────────────────────────────────────────────────────────────────────────────────┼──────────┼─────────────────┼─────────┤
Build and Security Scan	Trivy Vulnerability Scan	2026-08-18T14:50:55.3696907Z │ app/node_modules/react-dom/package.json                                          │ node-pkg │        0        │    -    │
Build and Security Scan	Trivy Vulnerability Scan	2026-08-18T14:50:55.3697626Z ├──────────────────────────────────────────────────────────────────────────────────┼──────────┼─────────────────┼─────────┤
Build and Security Scan	Trivy Vulnerability Scan	2026-08-18T14:50:55.3698291Z │ app/node_modules/react/package.json                                              │ node-pkg │        0        │    -    │
Build and Security Scan	Trivy Vulnerability Scan	2026-08-18T14:50:55.3699021Z ├──────────────────────────────────────────────────────────────────────────────────┼──────────┼─────────────────┼─────────┤
Build and Security Scan	Trivy Vulnerability Scan	2026-08-18T14:50:55.3699822Z │ app/node_modules/readdirp/package.json                                           │ node-pkg │        0        │    -    │
Build and Security Scan	Trivy Vulnerability Scan	2026-08-18T14:50:55.3700543Z ├──────────────────────────────────────────────────────────────────────────────────┼──────────┼─────────────────┼─────────┤
Build and Security Scan	Trivy Vulnerability Scan	2026-08-18T14:50:55.3701204Z │ app/node_modules/remeda/package.json                                             │ node-pkg │        0        │    -    │
Build and Security Scan	Trivy Vulnerability Scan	2026-08-18T14:50:55.3701916Z ├──────────────────────────────────────────────────────────────────────────────────┼──────────┼─────────────────┼─────────┤
Build and Security Scan	Trivy Vulnerability Scan	2026-08-18T14:50:55.3702922Z │ app/node_modules/require-from-string/package.json                                │ node-pkg │        0        │    -    │
Build and Security Scan	Trivy Vulnerability Scan	2026-08-18T14:50:55.3703705Z ├──────────────────────────────────────────────────────────────────────────────────┼──────────┼─────────────────┼─────────┤
Build and Security Scan	Trivy Vulnerability Scan	2026-08-18T14:50:55.3704535Z │ app/node_modules/ret/package.json                                                │ node-pkg │        0        │    -    │
Build and Security Scan	Trivy Vulnerability Scan	2026-08-18T14:50:55.3705257Z ├──────────────────────────────────────────────────────────────────────────────────┼──────────┼─────────────────┼─────────┤
Build and Security Scan	Trivy Vulnerability Scan	2026-08-18T14:50:55.3705910Z │ app/node_modules/retry/package.json                                              │ node-pkg │        0        │    -    │
Build and Security Scan	Trivy Vulnerability Scan	2026-08-18T14:50:55.3706624Z ├──────────────────────────────────────────────────────────────────────────────────┼──────────┼─────────────────┼─────────┤
Build and Security Scan	Trivy Vulnerability Scan	2026-08-18T14:50:55.3707315Z │ app/node_modules/robust-predicates/package.json                                  │ node-pkg │        0        │    -    │
Build and Security Scan	Trivy Vulnerability Scan	2026-08-18T14:50:55.3708058Z ├──────────────────────────────────────────────────────────────────────────────────┼──────────┼─────────────────┼─────────┤
Build and Security Scan	Trivy Vulnerability Scan	2026-08-18T14:50:55.3708720Z │ app/node_modules/router/package.json                                             │ node-pkg │        0        │    -    │
Build and Security Scan	Trivy Vulnerability Scan	2026-08-18T14:50:55.3709586Z ├──────────────────────────────────────────────────────────────────────────────────┼──────────┼─────────────────┼─────────┤
Build and Security Scan	Trivy Vulnerability Scan	2026-08-18T14:50:55.3710252Z │ app/node_modules/safe-regex2/package.json                                        │ node-pkg │        0        │    -    │
Build and Security Scan	Trivy Vulnerability Scan	2026-08-18T14:50:55.3710981Z ├──────────────────────────────────────────────────────────────────────────────────┼──────────┼─────────────────┼─────────┤
Build and Security Scan	Trivy Vulnerability Scan	2026-08-18T14:50:55.3711653Z │ app/node_modules/safer-buffer/package.json                                       │ node-pkg │        0        │    -    │
Build and Security Scan	Trivy Vulnerability Scan	2026-08-18T14:50:55.3712526Z ├──────────────────────────────────────────────────────────────────────────────────┼──────────┼─────────────────┼─────────┤
Build and Security Scan	Trivy Vulnerability Scan	2026-08-18T14:50:55.3713206Z │ app/node_modules/scheduler/package.json                                          │ node-pkg │        0        │    -    │
Build and Security Scan	Trivy Vulnerability Scan	2026-08-18T14:50:55.3713929Z ├──────────────────────────────────────────────────────────────────────────────────┼──────────┼─────────────────┼─────────┤
Build and Security Scan	Trivy Vulnerability Scan	2026-08-18T14:50:55.3714746Z │ app/node_modules/send/package.json                                               │ node-pkg │        0        │    -    │
Build and Security Scan	Trivy Vulnerability Scan	2026-08-18T14:50:55.3715459Z ├──────────────────────────────────────────────────────────────────────────────────┼──────────┼─────────────────┼─────────┤
Build and Security Scan	Trivy Vulnerability Scan	2026-08-18T14:50:55.3716126Z │ app/node_modules/seq-queue/package.json                                          │ node-pkg │        0        │    -    │
Build and Security Scan	Trivy Vulnerability Scan	2026-08-18T14:50:55.3716846Z ├──────────────────────────────────────────────────────────────────────────────────┼──────────┼─────────────────┼─────────┤
Build and Security Scan	Trivy Vulnerability Scan	2026-08-18T14:50:55.3717523Z │ app/node_modules/serve-static/package.json                                       │ node-pkg │        0        │    -    │
Build and Security Scan	Trivy Vulnerability Scan	2026-08-18T14:50:55.3718252Z ├──────────────────────────────────────────────────────────────────────────────────┼──────────┼─────────────────┼─────────┤
Build and Security Scan	Trivy Vulnerability Scan	2026-08-18T14:50:55.3718961Z │ app/node_modules/setprototypeof/package.json                                     │ node-pkg │        0        │    -    │
Build and Security Scan	Trivy Vulnerability Scan	2026-08-18T14:50:55.3719833Z ├──────────────────────────────────────────────────────────────────────────────────┼──────────┼─────────────────┼─────────┤
Build and Security Scan	Trivy Vulnerability Scan	2026-08-18T14:50:55.3720523Z │ app/node_modules/shebang-command/package.json                                    │ node-pkg │        0        │    -    │
Build and Security Scan	Trivy Vulnerability Scan	2026-08-18T14:50:55.3721275Z ├──────────────────────────────────────────────────────────────────────────────────┼──────────┼─────────────────┼─────────┤
Build and Security Scan	Trivy Vulnerability Scan	2026-08-18T14:50:55.3721954Z │ app/node_modules/shebang-regex/package.json                                      │ node-pkg │        0        │    -    │
Build and Security Scan	Trivy Vulnerability Scan	2026-08-18T14:50:55.3722864Z ├──────────────────────────────────────────────────────────────────────────────────┼──────────┼─────────────────┼─────────┤
Build and Security Scan	Trivy Vulnerability Scan	2026-08-18T14:50:55.3723561Z │ app/node_modules/side-channel-list/package.json                                  │ node-pkg │        0        │    -    │
Build and Security Scan	Trivy Vulnerability Scan	2026-08-18T14:50:55.3724449Z ├──────────────────────────────────────────────────────────────────────────────────┼──────────┼─────────────────┼─────────┤
Build and Security Scan	Trivy Vulnerability Scan	2026-08-18T14:50:55.3725156Z │ app/node_modules/side-channel-map/package.json                                   │ node-pkg │        0        │    -    │
Build and Security Scan	Trivy Vulnerability Scan	2026-08-18T14:50:55.3725906Z ├──────────────────────────────────────────────────────────────────────────────────┼──────────┼─────────────────┼─────────┤
Build and Security Scan	Trivy Vulnerability Scan	2026-08-18T14:50:55.3726605Z │ app/node_modules/side-channel-weakmap/package.json                               │ node-pkg │        0        │    -    │
Build and Security Scan	Trivy Vulnerability Scan	2026-08-18T14:50:55.3736421Z ├──────────────────────────────────────────────────────────────────────────────────┼──────────┼─────────────────┼─────────┤
Build and Security Scan	Trivy Vulnerability Scan	2026-08-18T14:50:55.3737221Z │ app/node_modules/side-channel/package.json                                       │ node-pkg │        0        │    -    │
Build and Security Scan	Trivy Vulnerability Scan	2026-08-18T14:50:55.3737980Z ├──────────────────────────────────────────────────────────────────────────────────┼──────────┼─────────────────┼─────────┤
Build and Security Scan	Trivy Vulnerability Scan	2026-08-18T14:50:55.3738990Z │ app/node_modules/signal-exit/package.json                                        │ node-pkg │        0        │    -    │
Build and Security Scan	Trivy Vulnerability Scan	2026-08-18T14:50:55.3739793Z ├──────────────────────────────────────────────────────────────────────────────────┼──────────┼─────────────────┼─────────┤
Build and Security Scan	Trivy Vulnerability Scan	2026-08-18T14:50:55.3740470Z │ app/node_modules/split2/package.json                                             │ node-pkg │        0        │    -    │
Build and Security Scan	Trivy Vulnerability Scan	2026-08-18T14:50:55.3741181Z ├──────────────────────────────────────────────────────────────────────────────────┼──────────┼─────────────────┼─────────┤
Build and Security Scan	Trivy Vulnerability Scan	2026-08-18T14:50:55.3741863Z │ app/node_modules/sqlstring/package.json                                          │ node-pkg │        0        │    -    │
Build and Security Scan	Trivy Vulnerability Scan	2026-08-18T14:50:55.3742935Z ├──────────────────────────────────────────────────────────────────────────────────┼──────────┼─────────────────┼─────────┤
Build and Security Scan	Trivy Vulnerability Scan	2026-08-18T14:50:55.3743850Z │ app/node_modules/statuses/package.json                                           │ node-pkg │        0        │    -    │
Build and Security Scan	Trivy Vulnerability Scan	2026-08-18T14:50:55.3744603Z ├──────────────────────────────────────────────────────────────────────────────────┼──────────┼─────────────────┼─────────┤
Build and Security Scan	Trivy Vulnerability Scan	2026-08-18T14:50:55.3745256Z │ app/node_modules/std-env/package.json                                            │ node-pkg │        0        │    -    │
Build and Security Scan	Trivy Vulnerability Scan	2026-08-18T14:50:55.3745974Z ├──────────────────────────────────────────────────────────────────────────────────┼──────────┼─────────────────┼─────────┤
Build and Security Scan	Trivy Vulnerability Scan	2026-08-18T14:50:55.3746645Z │ app/node_modules/toidentifier/package.json                                       │ node-pkg │        0        │    -    │
Build and Security Scan	Trivy Vulnerability Scan	2026-08-18T14:50:55.3747373Z ├──────────────────────────────────────────────────────────────────────────────────┼──────────┼─────────────────┼─────────┤
Build and Security Scan	Trivy Vulnerability Scan	2026-08-18T14:50:55.3748088Z │ app/node_modules/type-is/node_modules/content-type/package.json                  │ node-pkg │        0        │    -    │
Build and Security Scan	Trivy Vulnerability Scan	2026-08-18T14:50:55.3748872Z ├──────────────────────────────────────────────────────────────────────────────────┼──────────┼─────────────────┼─────────┤
Build and Security Scan	Trivy Vulnerability Scan	2026-08-18T14:50:55.3749664Z │ app/node_modules/type-is/package.json                                            │ node-pkg │        0        │    -    │
Build and Security Scan	Trivy Vulnerability Scan	2026-08-18T14:50:55.3750382Z ├──────────────────────────────────────────────────────────────────────────────────┼──────────┼─────────────────┼─────────┤
Build and Security Scan	Trivy Vulnerability Scan	2026-08-18T14:50:55.3751050Z │ app/node_modules/undici-types/package.json                                       │ node-pkg │        0        │    -    │
Build and Security Scan	Trivy Vulnerability Scan	2026-08-18T14:50:55.3751780Z ├──────────────────────────────────────────────────────────────────────────────────┼──────────┼─────────────────┼─────────┤
Build and Security Scan	Trivy Vulnerability Scan	2026-08-18T14:50:55.3752697Z │ app/node_modules/unpipe/package.json                                             │ node-pkg │        0        │    -    │
Build and Security Scan	Trivy Vulnerability Scan	2026-08-18T14:50:55.3753426Z ├──────────────────────────────────────────────────────────────────────────────────┼──────────┼─────────────────┼─────────┤
Build and Security Scan	Trivy Vulnerability Scan	2026-08-18T14:50:55.3754276Z │ app/node_modules/valibot/package.json                                            │ node-pkg │        0        │    -    │
Build and Security Scan	Trivy Vulnerability Scan	2026-08-18T14:50:55.3754996Z ├──────────────────────────────────────────────────────────────────────────────────┼──────────┼─────────────────┼─────────┤
Build and Security Scan	Trivy Vulnerability Scan	2026-08-18T14:50:55.3755647Z │ app/node_modules/vary/package.json                                               │ node-pkg │        0        │    -    │
Build and Security Scan	Trivy Vulnerability Scan	2026-08-18T14:50:55.3756347Z ├──────────────────────────────────────────────────────────────────────────────────┼──────────┼─────────────────┼─────────┤
Build and Security Scan	Trivy Vulnerability Scan	2026-08-18T14:50:55.3757004Z │ app/node_modules/which/package.json                                              │ node-pkg │        0        │    -    │
Build and Security Scan	Trivy Vulnerability Scan	2026-08-18T14:50:55.3757709Z ├──────────────────────────────────────────────────────────────────────────────────┼──────────┼─────────────────┼─────────┤
Build and Security Scan	Trivy Vulnerability Scan	2026-08-18T14:50:55.3758385Z │ app/node_modules/wrappy/package.json                                             │ node-pkg │        0        │    -    │
Build and Security Scan	Trivy Vulnerability Scan	2026-08-18T14:50:55.3759285Z ├──────────────────────────────────────────────────────────────────────────────────┼──────────┼─────────────────┼─────────┤
Build and Security Scan	Trivy Vulnerability Scan	2026-08-18T14:50:55.3759932Z │ app/node_modules/xtend/package.json                                              │ node-pkg │        0        │    -    │
Build and Security Scan	Trivy Vulnerability Scan	2026-08-18T14:50:55.3760632Z ├──────────────────────────────────────────────────────────────────────────────────┼──────────┼─────────────────┼─────────┤
Build and Security Scan	Trivy Vulnerability Scan	2026-08-18T14:50:55.3761308Z │ app/node_modules/zeptomatch/package.json                                         │ node-pkg │        0        │    -    │
Build and Security Scan	Trivy Vulnerability Scan	2026-08-18T14:50:55.3762023Z ├──────────────────────────────────────────────────────────────────────────────────┼──────────┼─────────────────┼─────────┤
Build and Security Scan	Trivy Vulnerability Scan	2026-08-18T14:50:55.3762877Z │ app/package.json                                                                 │ node-pkg │        0        │    -    │
Build and Security Scan	Trivy Vulnerability Scan	2026-08-18T14:50:55.3763564Z ├──────────────────────────────────────────────────────────────────────────────────┼──────────┼─────────────────┼─────────┤
Build and Security Scan	Trivy Vulnerability Scan	2026-08-18T14:50:55.3764263Z │ opt/yarn-v1.22.22/package.json                                                   │ node-pkg │        0        │    -    │
Build and Security Scan	Trivy Vulnerability Scan	2026-08-18T14:50:55.3764998Z ├──────────────────────────────────────────────────────────────────────────────────┼──────────┼─────────────────┼─────────┤
Build and Security Scan	Trivy Vulnerability Scan	2026-08-18T14:50:55.3765700Z │ usr/local/lib/node_modules/corepack/package.json                                 │ node-pkg │        0        │    -    │
Build and Security Scan	Trivy Vulnerability Scan	2026-08-18T14:50:55.3766442Z └──────────────────────────────────────────────────────────────────────────────────┴──────────┴─────────────────┴─────────┘
Build and Security Scan	Trivy Vulnerability Scan	2026-08-18T14:50:55.3766847Z Legend:
Build and Security Scan	Trivy Vulnerability Scan	2026-08-18T14:50:55.3767038Z - '-': Not scanned
Build and Security Scan	Trivy Vulnerability Scan	2026-08-18T14:50:55.3767279Z - '0': Clean (no security findings detected)
Build and Security Scan	Trivy Vulnerability Scan	2026-08-18T14:50:55.3767487Z 
Build and Security Scan	Trivy Vulnerability Scan	2026-08-18T14:50:55.3767493Z 
Build and Security Scan	Trivy Vulnerability Scan	2026-08-18T14:50:55.3767739Z For OSS Maintainers: VEX Notice
Build and Security Scan	Trivy Vulnerability Scan	2026-08-18T14:50:55.3767997Z --------------------------------
Build and Security Scan	Trivy Vulnerability Scan	2026-08-18T14:50:55.3768804Z If you're an OSS maintainer and Trivy has detected vulnerabilities in your project that you believe are not actually exploitable, consider issuing a VEX (Vulnerability Exploitability eXchange) statement.
Build and Security Scan	Trivy Vulnerability Scan	2026-08-18T14:50:55.3770000Z VEX allows you to communicate the actual status of vulnerabilities in your project, improving security transparency and reducing false positives for your users.
Build and Security Scan	Trivy Vulnerability Scan	2026-08-18T14:50:55.3770942Z Learn more and start using VEX: https://trivy.dev/docs/v0.70/guide/supply-chain/vex/repo#publishing-vex-documents
Build and Security Scan	Trivy Vulnerability Scan	2026-08-18T14:50:55.3771402Z 
Build and Security Scan	Trivy Vulnerability Scan	2026-08-18T14:50:55.3771612Z To disable this notice, set the TRIVY_DISABLE_VEX_NOTICE environment variable.
Build and Security Scan	Trivy Vulnerability Scan	2026-08-18T14:50:55.3771919Z 
Build and Security Scan	Trivy Vulnerability Scan	2026-08-18T14:50:55.3771923Z 
Build and Security Scan	Trivy Vulnerability Scan	2026-08-18T14:50:55.3772014Z Node.js (node-pkg)
Build and Security Scan	Trivy Vulnerability Scan	2026-08-18T14:50:55.3772216Z ==================
Build and Security Scan	Trivy Vulnerability Scan	2026-08-18T14:50:55.3772649Z Total: 1 (HIGH: 1, CRITICAL: 0)
Build and Security Scan	Trivy Vulnerability Scan	2026-08-18T14:50:55.3772824Z 
Build and Security Scan	Trivy Vulnerability Scan	2026-08-18T14:50:55.3773324Z ┌─────────────────────────────┬────────────────┬──────────┬────────┬───────────────────┬───────────────┬─────────────────────────────────────────────────────────┐
Build and Security Scan	Trivy Vulnerability Scan	2026-08-18T14:50:55.3774382Z │           Library           │ Vulnerability  │ Severity │ Status │ Installed Version │ Fixed Version │                          Title                          │
Build and Security Scan	Trivy Vulnerability Scan	2026-08-18T14:50:55.3775356Z ├─────────────────────────────┼────────────────┼──────────┼────────┼───────────────────┼───────────────┼─────────────────────────────────────────────────────────┤
Build and Security Scan	Trivy Vulnerability Scan	2026-08-18T14:50:55.3776277Z │ deepmerge-ts (package.json) │ CVE-2026-40345 │ HIGH     │ fixed  │ 7.1.5             │ 8.0.0         │ DeepmergeTS has stack exhaustion when merging recursive │
Build and Security Scan	Trivy Vulnerability Scan	2026-08-18T14:50:55.3777116Z │                             │                │          │        │                   │               │ object graphs                                           │
Build and Security Scan	Trivy Vulnerability Scan	2026-08-18T14:50:55.3777966Z │                             │                │          │        │                   │               │ https://avd.aquasec.com/nvd/cve-2026-40345              │
Build and Security Scan	Trivy Vulnerability Scan	2026-08-18T14:50:55.3778829Z └─────────────────────────────┴────────────────┴──────────┴────────┴───────────────────┴───────────────┴─────────────────────────────────────────────────────────┘
Build and Security Scan	Trivy Vulnerability Scan	2026-08-18T14:50:55.3790989Z ##[error]Process completed with exit code 1.
Build and Security Scan	Trivy Vulnerability Scan	2026-08-18T14:50:55.3798233Z ##[end-action id=__aquasecurity_trivy-action.__run_4;outcome=failure;conclusion=failure;duration_ms=12811]
Build and Security Scan	Trivy Vulnerability Scan	2026-08-18T14:50:55.3801790Z ##[start-action display=Remove Trivy Envs file;id=__aquasecurity_trivy-action.__run_5]
Build and Security Scan	Trivy Vulnerability Scan	2026-08-18T14:50:55.3818251Z ##[group]Run rm -f trivy_envs.txt
Build and Security Scan	Trivy Vulnerability Scan	2026-08-18T14:50:55.3818566Z ^[[36;1mrm -f trivy_envs.txt^[[0m
Build and Security Scan	Trivy Vulnerability Scan	2026-08-18T14:50:55.3855619Z shell: /usr/bin/bash --noprofile --norc -e -o pipefail {0}
Build and Security Scan	Trivy Vulnerability Scan	2026-08-18T14:50:55.3855965Z env:
Build and Security Scan	Trivy Vulnerability Scan	2026-08-18T14:50:55.3856225Z   IMAGE_NAME: ranjit1984/assal-kolhapuri-dryfruits-api
Build and Security Scan	Trivy Vulnerability Scan	2026-08-18T14:50:55.3856561Z ##[endgroup]
Build and Security Scan	Trivy Vulnerability Scan	2026-08-18T14:50:55.3928961Z ##[end-action id=__aquasecurity_trivy-action.__run_5;outcome=success;conclusion=success;duration_ms=12]
Build and Security Scan	Post Trivy Vulnerability Scan	﻿2026-08-18T14:50:55.4133094Z Post job cleanup.
Build and Security Scan	Post Trivy Vulnerability Scan	2026-08-18T14:50:55.4136862Z ##[start-action display=Restore DB from cache;id=__05020dbe-b821-4b92-b095-d23c226bc967.__actions_cache]
Build and Security Scan	Post Trivy Vulnerability Scan	2026-08-18T14:50:55.4138924Z ##[end-action id=__05020dbe-b821-4b92-b095-d23c226bc967.__actions_cache;outcome=skipped;conclusion=skipped;duration_ms=0]
Build and Security Scan	Post Trivy Vulnerability Scan	2026-08-18T14:50:55.4140817Z ##[start-action display=Install Trivy;id=__05020dbe-b821-4b92-b095-d23c226bc967.__aquasecurity_setup-trivy]
Build and Security Scan	Post Trivy Vulnerability Scan	2026-08-18T14:50:55.4213739Z Post job cleanup.
Build and Security Scan	Post Trivy Vulnerability Scan	2026-08-18T14:50:55.4217907Z ##[end-action id=__05020dbe-b821-4b92-b095-d23c226bc967.__aquasecurity_setup-trivy;outcome=success;conclusion=success;duration_ms=7]
Build and Security Scan	Post Build Docker Image	﻿2026-08-18T14:50:55.4279196Z Node 20 is being deprecated. This workflow is running with Node 24 by default. If you need to temporarily use Node 20, you can set the ACTIONS_ALLOW_USE_UNSECURE_NODE_VERSION=true environment variable. For more information see: https://github.blog/changelog/2025-09-19-deprecation-of-node-20-on-github-actions-runners/
Build and Security Scan	Post Build Docker Image	2026-08-18T14:50:55.4280449Z Post job cleanup.
Build and Security Scan	Post Build Docker Image	2026-08-18T14:50:55.6656584Z ##[group]Generating build summary
Build and Security Scan	Post Build Docker Image	2026-08-18T14:50:55.6661394Z exporting build record to /home/runner/work/_temp/docker-actions-toolkit-YyWbE1/export
Build and Security Scan	Post Build Docker Image	2026-08-18T14:50:55.6676157Z (node:3048) [DEP0040] DeprecationWarning: The `punycode` module is deprecated. Please use a userland alternative instead.
Build and Security Scan	Post Build Docker Image	2026-08-18T14:50:55.6677719Z (Use `node --trace-deprecation ...` to show where the warning was created)
Build and Security Scan	Post Build Docker Image	2026-08-18T14:50:55.8603906Z [command]/usr/bin/docker buildx history export --builder builder-ef925651-3c87-4126-8eba-7034031bdca0 --output /home/runner/work/_temp/docker-actions-toolkit-YyWbE1/export/RanjitGaingade~assal-kolhapuri-dryfruits~A6CU86.dockerbuild a6cu86qb9d8h44kpi6e4qx9fq --finalize
Build and Security Scan	Post Build Docker Image	2026-08-18T14:50:56.0347046Z Build record written to /home/runner/work/_temp/docker-actions-toolkit-YyWbE1/export/RanjitGaingade~assal-kolhapuri-dryfruits~A6CU86.dockerbuild (31.4 KB)
Build and Security Scan	Post Build Docker Image	2026-08-18T14:50:56.0370283Z Uploading RanjitGaingade~assal-kolhapuri-dryfruits~A6CU86.dockerbuild to blob storage
Build and Security Scan	Post Build Docker Image	2026-08-18T14:50:56.3717675Z Beginning upload of artifact content to blob storage
Build and Security Scan	Post Build Docker Image	2026-08-18T14:50:56.3803976Z (node:3048) [DEP0169] DeprecationWarning: `url.parse()` behavior is not standardized and prone to errors that have security implications. Use the WHATWG URL API instead. CVEs are not issued for `url.parse()` vulnerabilities.
Build and Security Scan	Post Build Docker Image	2026-08-18T14:50:56.3812652Z Uploaded bytes 32156
Build and Security Scan	Post Build Docker Image	2026-08-18T14:50:56.7238076Z Finished uploading artifact content to blob storage!
Build and Security Scan	Post Build Docker Image	2026-08-18T14:50:56.7242743Z SHA256 hash of uploaded artifact is 4a8a506a0664afbf6c9ef6a2a5d753f7eb02a12bb056d6a04161e6985694efa5
Build and Security Scan	Post Build Docker Image	2026-08-18T14:50:56.7244442Z Finalizing artifact upload
Build and Security Scan	Post Build Docker Image	2026-08-18T14:50:57.1127952Z Artifact successfully finalized (9329651210)
Build and Security Scan	Post Build Docker Image	2026-08-18T14:50:57.1130295Z Artifact download URL: https://github.com/RanjitGaingade/assal-kolhapuri-dryfruits/actions/runs/32150710226/artifacts/9329651210
Build and Security Scan	Post Build Docker Image	2026-08-18T14:50:57.1158245Z Writing summary
Build and Security Scan	Post Build Docker Image	2026-08-18T14:50:57.1171661Z ##[endgroup]
Build and Security Scan	Post Build Docker Image	2026-08-18T14:50:57.1172804Z ##[group]Removing temp folder /home/runner/work/_temp/docker-actions-toolkit-mBFqJo
Build and Security Scan	Post Build Docker Image	2026-08-18T14:50:57.1174670Z ##[endgroup]
Build and Security Scan	Post Build Docker Image	2026-08-18T14:50:57.1175427Z ##[group]Post cache
Build and Security Scan	Post Build Docker Image	2026-08-18T14:50:57.1176846Z State not set
Build and Security Scan	Post Build Docker Image	2026-08-18T14:50:57.1177379Z ##[endgroup]
Build and Security Scan	Post Set up Docker Buildx	﻿2026-08-18T14:50:57.1338376Z Post job cleanup.
Build and Security Scan	Post Set up Docker Buildx	2026-08-18T14:50:57.3090992Z ##[group]Removing builder
Build and Security Scan	Post Set up Docker Buildx	2026-08-18T14:50:57.4229819Z [command]/usr/bin/docker buildx rm builder-ef925651-3c87-4126-8eba-7034031bdca0
Build and Security Scan	Post Set up Docker Buildx	2026-08-18T14:50:57.5755221Z builder-ef925651-3c87-4126-8eba-7034031bdca0 removed
Build and Security Scan	Post Set up Docker Buildx	2026-08-18T14:50:57.5786799Z ##[endgroup]
Build and Security Scan	Post Set up Docker Buildx	2026-08-18T14:50:57.5787579Z ##[group]Cleaning up certificates
Build and Security Scan	Post Set up Docker Buildx	2026-08-18T14:50:57.5790427Z ##[endgroup]
Build and Security Scan	Post Set up Docker Buildx	2026-08-18T14:50:57.5791104Z ##[group]Post cache
Build and Security Scan	Post Set up Docker Buildx	2026-08-18T14:50:57.5792202Z State not set
Build and Security Scan	Post Set up Docker Buildx	2026-08-18T14:50:57.5793229Z ##[endgroup]
Build and Security Scan	Post Checkout Repository	﻿2026-08-18T14:50:57.5958016Z Node 20 is being deprecated. This workflow is running with Node 24 by default. If you need to temporarily use Node 20, you can set the ACTIONS_ALLOW_USE_UNSECURE_NODE_VERSION=true environment variable. For more information see: https://github.blog/changelog/2025-09-19-deprecation-of-node-20-on-github-actions-runners/
Build and Security Scan	Post Checkout Repository	2026-08-18T14:50:57.5959301Z Post job cleanup.
Build and Security Scan	Post Checkout Repository	2026-08-18T14:50:57.6806530Z [command]/usr/bin/git version
Build and Security Scan	Post Checkout Repository	2026-08-18T14:50:57.6851030Z git version 2.54.0
Build and Security Scan	Post Checkout Repository	2026-08-18T14:50:57.6897126Z Temporarily overriding HOME='/home/runner/work/_temp/1a3eccf5-c968-4ca5-a66d-832b4324133a' before making global git config changes
Build and Security Scan	Post Checkout Repository	2026-08-18T14:50:57.6898692Z Adding repository directory to the temporary git global config as a safe directory
Build and Security Scan	Post Checkout Repository	2026-08-18T14:50:57.6903963Z [command]/usr/bin/git config --global --add safe.directory /home/runner/work/assal-kolhapuri-dryfruits/assal-kolhapuri-dryfruits
Build and Security Scan	Post Checkout Repository	2026-08-18T14:50:57.6951381Z [command]/usr/bin/git config --local --name-only --get-regexp core\.sshCommand
Build and Security Scan	Post Checkout Repository	2026-08-18T14:50:57.6999106Z [command]/usr/bin/git submodule foreach --recursive sh -c "git config --local --name-only --get-regexp 'core\.sshCommand' && git config --local --unset-all 'core.sshCommand' || :"
Build and Security Scan	Post Checkout Repository	2026-08-18T14:50:57.7336808Z [command]/usr/bin/git config --local --name-only --get-regexp http\.https\:\/\/github\.com\/\.extraheader
Build and Security Scan	Post Checkout Repository	2026-08-18T14:50:57.7378793Z http.https://github.com/.extraheader
Build and Security Scan	Post Checkout Repository	2026-08-18T14:50:57.7390841Z [command]/usr/bin/git config --local --unset-all http.https://github.com/.extraheader
Build and Security Scan	Post Checkout Repository	2026-08-18T14:50:57.7437311Z [command]/usr/bin/git submodule foreach --recursive sh -c "git config --local --name-only --get-regexp 'http\.https\:\/\/github\.com\/\.extraheader' && git config --local --unset-all 'http.https://github.com/.extraheader' || :"
Build and Security Scan	Post Checkout Repository	2026-08-18T14:50:57.7706504Z [command]/usr/bin/git config --local --name-only --get-regexp ^includeIf\.gitdir:
Build and Security Scan	Post Checkout Repository	2026-08-18T14:50:57.7746167Z [command]/usr/bin/git submodule foreach --recursive git config --local --show-origin --name-only --get-regexp remote.origin.url
Build and Security Scan	Complete job	﻿2026-08-18T14:50:57.8135741Z Cleaning up orphan processes
Build and Security Scan	Complete job	2026-08-18T14:50:57.8436014Z ##[warning]Node.js 20 is deprecated. The following actions target Node.js 20 but are being forced to run on Node.js 24: actions/checkout@v4, docker/build-push-action@v6. For more information see: https://github.blog/changelog/2025-09-19-deprecation-of-node-20-on-github-actions-runners/
